-- 1. Insert into Person Table 
INSERT INTO DB1mnr_Person (email, phone, DOB, first_name, last_name, gender) VALUES
('sandeep.sharma@example.com', '5551234567', DATE '1985-05-15', 'Sandeep', 'Sharma', 'M');
INSERT INTO DB1mnr_Person (email, phone, DOB, first_name, last_name, gender) VALUES
('meghana.reddy@example.com', '5559876543', DATE '1990-08-25', 'Meghana', 'Reddy', 'F');
INSERT INTO DB1mnr_Person (email, phone, DOB, first_name, last_name, gender) VALUES
('sam.wilson@example.com', '5556543210', DATE '1982-11-12', 'Sam', 'Wilson', 'M');
INSERT INTO DB1mnr_Person (email, phone, DOB, first_name, last_name, gender) VALUES
('anandi.singh@example.com', '5556781234', DATE '1995-03-03', 'Anandi', 'Singh','F');
INSERT INTO DB1mnr_Person (email, phone, DOB, first_name, last_name, gender) VALUES
('michael.james@example.com', '5553456789', DATE '1988-12-20', 'Michael', 'James','M');
INSERT INTO DB1mnr_Person (email, phone, DOB, first_name, last_name, gender) VALUES
('rajesh.dua@example.com', '5551234827', DATE '1986-05-15', 'Rajesh', 'Dua', 'M');
INSERT INTO DB1mnr_Person (email, phone, DOB, first_name, last_name, gender) VALUES
('wade.smith@example.com', '5559876583', DATE '1991-08-25', 'Wade', 'Smith', 'M');
INSERT INTO DB1mnr_Person (email, phone, DOB, first_name, last_name, gender) VALUES
('samuel.abhishek@example.com', '5556513218', DATE '1983-11-12', 'Samuel', 'Abhishek', 'M');
INSERT INTO DB1mnr_Person (email, phone, DOB, first_name, last_name, gender) VALUES
('ananya.singh@example.com', '5556781212', DATE '1994-03-03', 'Ananya', 'Singh', 'F');
INSERT INTO DB1mnr_Person (email, phone, DOB, first_name, last_name, gender) VALUES
('mohit.sharma@example.com', '5553456771', DATE '1987-12-20', 'Mohit', 'Sharma', 'M');
INSERT INTO DB1mnr_Person (email, phone, DOB, first_name, last_name, gender) VALUES
('james.doe@example.com', '5551254967', DATE '1985-05-21', 'James', 'Doe', 'M');
INSERT INTO DB1mnr_Person (email, phone, DOB, first_name, last_name, gender) VALUES
('bhagya.patil@example.com', '5554176543', DATE '1990-08-19', 'Bhagya', 'Patil', 'F');
INSERT INTO DB1mnr_Person (email, phone, DOB, first_name, last_name, gender) VALUES
('santosh.kumar@example.com', '5556523210', DATE '1982-11-23', 'Santosh', 'Kumar', 'M');
INSERT INTO DB1mnr_Person (email, phone, DOB, first_name, last_name, gender) VALUES
('shabnam.ismail@example.com', '5556981234', DATE '1995-03-18', 'Shabnam', 'Ismail', 'F');
INSERT INTO DB1mnr_Person (email, phone, DOB, first_name, last_name, gender) VALUES
('madan.jack@example.com', '5553456413', DATE '1980-12-20', 'Madan', 'Jack', 'M');
INSERT INTO DB1mnr_Person (email, phone, DOB, first_name, last_name, gender) VALUES
('ranjith.singh@example.com', '5551233867', DATE '1989-05-15', 'Ranjith', 'Singh', 'M');
INSERT INTO DB1mnr_Person (email, phone, DOB, first_name, last_name, gender) VALUES
('kuldeep.yadav@example.com', '5559866583', DATE '1992-08-25', 'Kuldeep', 'Yadav', 'M');
INSERT INTO DB1mnr_Person (email, phone, DOB, first_name, last_name, gender) VALUES
('samuel.webster@example.com', '5556513268', DATE '1990-11-12', 'Samuel', 'Webster', 'M');
INSERT INTO DB1mnr_Person (email, phone, DOB, first_name, last_name, gender) VALUES
('anita.negi@example.com', '5556761212', DATE '1994-03-03', 'Anita', 'Negi', 'F');
INSERT INTO DB1mnr_Person (email, phone, DOB, first_name, last_name, gender) VALUES
('harshit.kumar@example.com', '5558456771', DATE '1988-12-20', 'Harshit', 'Kumar', 'M');
INSERT INTO DB1mnr_Person (email, phone, DOB, first_name, last_name, gender) VALUES
('shwetha.sharma@example.com', '5557254967', DATE '1985-05-15', 'Shwetha', 'Sharma', 'F');
INSERT INTO DB1mnr_Person (email, phone, DOB, first_name, last_name, gender) VALUES
('ananya.amar@example.com', '5554166543', DATE '1990-08-18', 'Ananya', 'Amar', 'F');
INSERT INTO DB1mnr_Person (email, phone, DOB, first_name, last_name, gender) VALUES
('sanjay.singh@example.com', '5556723210', DATE '1982-10-23', 'Sanjay', 'Singh', 'M');
INSERT INTO DB1mnr_Person (email, phone, DOB, first_name, last_name, gender) VALUES
('elizabeth.smith@example.com', '5556988234', DATE '1995-03-18', 'Elizabeth', 'Smith', 'F');
INSERT INTO DB1mnr_Person (email, phone, DOB, first_name, last_name, gender) VALUES
('michael.jackson@example.com', '5553466413', DATE '1980-12-22', 'Michael', 'Jackson', 'M');
INSERT INTO DB1mnr_Person (email, phone, DOB, first_name, last_name, gender) VALUES
('rohit.rathod@example.com', '5551283867', DATE '1989-05-11', 'Rohit', 'Rathod', 'M');
INSERT INTO DB1mnr_Person (email, phone, DOB, first_name, last_name, gender) VALUES
('vamshi.reddy@example.com', '5559868583', DATE '1992-12-25', 'Vamshi', 'Reddy', 'M');
INSERT INTO DB1mnr_Person (email, phone, DOB, first_name, last_name, gender) VALUES
('sachin.sharma@example.com', '5558513768', DATE '1990-11-10', 'Sachin', 'Sharma', 'M');
INSERT INTO DB1mnr_Person (email, phone, DOB, first_name, last_name, gender) VALUES
('nikitha.singh@example.com', '5556561212', DATE '1994-03-03', 'Nikitha', 'Singh', 'F');
INSERT INTO DB1mnr_Person (email, phone, DOB, first_name, last_name, gender) VALUES
('murali.mohan@example.com', '5557456771', DATE '1988-12-20', 'Murali', 'Mohan', 'M');
INSERT INTO DB1mnr_Person (email, phone, DOB, first_name, last_name, gender) VALUES
('james.anderson@example.com', '5557264967', DATE '1982-05-15', 'James', 'Anderson', 'M');
INSERT INTO DB1mnr_Person (email, phone, DOB, first_name, last_name, gender) VALUES
('bhargavi.gowda@example.com', '5554266543', DATE '1992-08-18', 'Bhargavi', 'Gowda', 'F');
INSERT INTO DB1mnr_Person (email, phone, DOB, first_name, last_name, gender) VALUES
('sachin.kumar@example.com', '5556728210', DATE '1980-10-23', 'Sachin', 'Kumar', 'M');
INSERT INTO DB1mnr_Person (email, phone, DOB, first_name, last_name, gender) VALUES
('chandana.ramesh@example.com', '5556488234', DATE '1991-03-18', 'Chandana', 'Ramesh', 'F');
INSERT INTO DB1mnr_Person (email, phone, DOB, first_name, last_name, gender) VALUES
('munaf.patel@example.com', '5553566413', DATE '1985-12-22', 'Munaf', 'Patel', 'M');
INSERT INTO DB1mnr_Person (email, phone, DOB, first_name, last_name, gender) VALUES
('ramesh.mishra@example.com', '5557283867', DATE '1987-05-11', 'Ramesh', 'Mishra', 'M');
INSERT INTO DB1mnr_Person (email, phone, DOB, first_name, last_name, gender) VALUES
('steven.smith@example.com', '5559898583', DATE '1993-12-25', 'Steven', 'Smith', 'M');
INSERT INTO DB1mnr_Person (email, phone, DOB, first_name, last_name, gender) VALUES
('srikar.rao@example.com', '5558523768', DATE '1977-11-10', 'Srikar', 'Rao', 'M');
INSERT INTO DB1mnr_Person (email, phone, DOB, first_name, last_name, gender) VALUES
('jiya.patel@example.com', '5552561212', DATE '1992-03-03', 'Jiya', 'Patel', 'F');
INSERT INTO DB1mnr_Person (email, phone, DOB, first_name, last_name, gender) VALUES
('mitchell.starc@example.com', '5559456771', DATE '1987-12-20', 'Mitchell', 'Starc', 'M');
INSERT INTO DB1mnr_Person (email, phone, DOB, first_name, last_name, gender) VALUES
('sandeep.singh@example.com', '5551264567', DATE '1985-05-15', 'Sandeep', 'Singh', 'M');
INSERT INTO DB1mnr_Person (email, phone, DOB, first_name, last_name, gender) VALUES
('megha.reddy@example.com', '5559276543', DATE '1990-08-25', 'Megha', 'Reddy', 'F');
INSERT INTO DB1mnr_Person (email, phone, DOB, first_name, last_name, gender) VALUES
('samuel.wilson@example.com', '5536543210', DATE '1982-11-12', 'Samuel', 'Wilson', 'M');
INSERT INTO DB1mnr_Person (email, phone, DOB, first_name, last_name, gender) VALUES
('aparna.singh@example.com', '9556781234', DATE '1995-03-03', 'Aparna', 'Singh', 'F');
INSERT INTO DB1mnr_Person (email, phone, DOB, first_name, last_name, gender) VALUES
('michael.jones@example.com', '5513456789', DATE '1988-12-20', 'Michael', 'Jones', 'M');
INSERT INTO DB1mnr_Person (email, phone, DOB, first_name, last_name, gender) VALUES
('rajesh.rajput@example.com', '4831234827', DATE '1986-05-15', 'Rajesh', 'Rajput', 'M');
INSERT INTO DB1mnr_Person (email, phone, DOB, first_name, last_name, gender) VALUES
('wagner.smith@example.com', '5558876583', DATE '1991-08-25', 'Wagner', 'Smith', 'M');
INSERT INTO DB1mnr_Person (email, phone, DOB, first_name, last_name, gender) VALUES
('sanjay.abhishek@example.com', '5216513218', DATE '1983-11-12', 'Sanjay', 'Abhishek', 'M');
INSERT INTO DB1mnr_Person (email, phone, DOB, first_name, last_name, gender) VALUES
('ananya.sharma@example.com', '5116781212', DATE '1994-03-03', 'Ananya', 'Sharma', 'F');
INSERT INTO DB1mnr_Person (email, phone, DOB, first_name, last_name, gender) VALUES
('mohit.gowda@example.com', '9113456771', DATE '1987-12-20', 'Mohit', 'Gowda', 'M');
INSERT INTO DB1mnr_Person (email, phone, DOB, first_name, last_name, gender) VALUES
('james.duce@example.com', '5552254967', DATE '1985-05-21', 'James', 'Duce', 'M');
INSERT INTO DB1mnr_Person (email, phone, DOB, first_name, last_name, gender) VALUES
('bhagyashree.patil@example.com', '9114176543', DATE '1990-08-19', 'Bhagyashree', 'Patil', 'F');
INSERT INTO DB1mnr_Person (email, phone, DOB, first_name, last_name, gender) VALUES
('santosh.kamal@example.com', '9126523210', DATE '1982-11-23', 'Santosh', 'Kamal', 'M');
INSERT INTO DB1mnr_Person (email, phone, DOB, first_name, last_name, gender) VALUES
('shabnam.ali@example.com', '9136981234', DATE '1995-03-18', 'Shabnam', 'Ali', 'F');
INSERT INTO DB1mnr_Person (email, phone, DOB, first_name, last_name, gender) VALUES
('madan.jason@example.com', '9143456413', DATE '1980-12-20', 'Madan', 'Jason', 'M');
INSERT INTO DB1mnr_Person (email, phone, DOB, first_name, last_name, gender) VALUES
('rajesh.singh@example.com', '9121233867', DATE '1989-05-15', 'Rajesh', 'Singh', 'M');
INSERT INTO DB1mnr_Person (email, phone, DOB, first_name, last_name, gender) VALUES
('kuldeep.singh@example.com', '9879866583', DATE '1992-08-25', 'Kuldeep', 'Singh', 'M');
INSERT INTO DB1mnr_Person (email, phone, DOB, first_name, last_name, gender) VALUES
('sam.weber@example.com', '5256513268', DATE '1990-11-12', 'Sam', 'Weber', 'M');
INSERT INTO DB1mnr_Person (email, phone, DOB, first_name, last_name, gender) VALUES
('anita.kumar@example.com', '9186761212', DATE '1994-03-03', 'Anita', 'Kumar', 'F');
INSERT INTO DB1mnr_Person (email, phone, DOB, first_name, last_name, gender) VALUES
('harsh.kumar@example.com', '5588456771', DATE '1988-12-20', 'Harsh', 'Kumar', 'M');
INSERT INTO DB1mnr_Person (email, phone, DOB, first_name, last_name, gender) VALUES
('shwetha.patil@example.com', '5517254967', DATE '1985-05-15', 'Shwetha', 'Patil', 'F');
INSERT INTO DB1mnr_Person (email, phone, DOB, first_name, last_name, gender) VALUES
('ananya.anand@example.com', '9154166543', DATE '1990-08-18', 'Ananya', 'Anand', 'F');
INSERT INTO DB1mnr_Person (email, phone, DOB, first_name, last_name, gender) VALUES
('sanjay.reddy@example.com', '9256723210', DATE '1982-10-23', 'Sanjay', 'Reddy', 'M');
INSERT INTO DB1mnr_Person (email, phone, DOB, first_name, last_name, gender) VALUES
('elizabeth.sam@example.com', '5586988234', DATE '1995-03-18', 'Elizabeth', 'Sam', 'F');
INSERT INTO DB1mnr_Person (email, phone, DOB, first_name, last_name, gender) VALUES
('michael.jak@example.com', '5513466413', DATE '1980-12-22', 'Michael', 'Jak', 'M');
INSERT INTO DB1mnr_Person (email, phone, DOB, first_name, last_name, gender) VALUES
('rohit.katrale@example.com', '9121283867', DATE '1989-05-11', 'Rohit', 'Katrale', 'M');
INSERT INTO DB1mnr_Person (email, phone, DOB, first_name, last_name, gender) VALUES
('krishna.reddy@example.com', '9127868583', DATE '1992-12-25', 'Krishna', 'Reddy', 'M');
INSERT INTO DB1mnr_Person (email, phone, DOB, first_name, last_name, gender) VALUES
('sachin.singh@example.com', '5158513768', DATE '1990-11-10', 'Sachin', 'Singh', 'M');
INSERT INTO DB1mnr_Person (email, phone, DOB, first_name, last_name, gender) VALUES
('nikitha.sharma@example.com', '9156561212', DATE '1994-03-03', 'Nikitha', 'Sharma', 'F');
INSERT INTO DB1mnr_Person (email, phone, DOB, first_name, last_name, gender) VALUES
('murali.reddy@example.com', '9157456771', DATE '1988-12-20', 'Murali', 'Reddy', 'M');
INSERT INTO DB1mnr_Person (email, phone, DOB, first_name, last_name, gender) VALUES
('james.anders@example.com', '5157264967', DATE '1982-05-15', 'James', 'Anders', 'M');
INSERT INTO DB1mnr_Person (email, phone, DOB, first_name, last_name, gender) VALUES
('bhairavi.gowda@example.com', '9154266543', DATE '1992-08-18', 'Bhairavi', 'Gowda', 'F');
INSERT INTO DB1mnr_Person (email, phone, DOB, first_name, last_name, gender) VALUES
('sanket.kumar@example.com', '9156728210', DATE '1980-10-23', 'Sanket', 'Kumar', 'M');
INSERT INTO DB1mnr_Person (email, phone, DOB, first_name, last_name, gender) VALUES
('chandana.rajesh@example.com', '9156488234', DATE '1991-03-18', 'Chandana', 'Rajesh', 'F');
INSERT INTO DB1mnr_Person (email, phone, DOB, first_name, last_name, gender) VALUES
('akshar.patel@example.com', '9153566413', DATE '1985-12-22', 'Akshar', 'Patel', 'M');
INSERT INTO DB1mnr_Person (email, phone, DOB, first_name, last_name, gender) VALUES
('manish.mishra@example.com', '9157283867', DATE '1987-05-11', 'Manish', 'Mishra', 'M');
INSERT INTO DB1mnr_Person (email, phone, DOB, first_name, last_name, gender) VALUES
('steve.smith@example.com', '5551898583', DATE '1993-12-25', 'Steven', 'Smith', 'M');
INSERT INTO DB1mnr_Person (email, phone, DOB, first_name, last_name, gender) VALUES
('srinivas.rao@example.com', '9158523768', DATE '1977-11-10', 'Srinivas', 'Rao', 'M');
INSERT INTO DB1mnr_Person (email, phone, DOB, first_name, last_name, gender) VALUES
('ria.patel@example.com', '9152561212', DATE '1992-03-03', 'Ria', 'Patel', 'F');
INSERT INTO DB1mnr_Person (email, phone, DOB, first_name, last_name, gender) VALUES
('michael.starc@example.com', '5552456771', DATE '1987-12-20', 'Mitchell', 'Starc', 'M');
INSERT INTO DB1mnr_Person (email, phone, DOB, first_name, last_name, gender) VALUES
('rani.patel@example.com', '9182561212', DATE '1992-03-03', 'Rani', 'Patel', 'F');
INSERT INTO DB1mnr_Person (email, phone, DOB, first_name, last_name, gender) VALUES
('james.duke@example.com', '5252254967', DATE '1985-05-21', 'James', 'Duke', 'M');
INSERT INTO DB1mnr_Person (email, phone, DOB, first_name, last_name, gender) VALUES
('bindushree.patil@example.com', '9214176543', DATE '1990-08-19', 'Bindushree', 'Patil', 'F');
INSERT INTO DB1mnr_Person (email, phone, DOB, first_name, last_name, gender) VALUES
('sanket.kamal@example.com', '9126523211', DATE '1982-11-23', 'Sanket', 'Kamal', 'M');
INSERT INTO DB1mnr_Person (email, phone, DOB, first_name, last_name, gender) VALUES
('suhana.ali@example.com', '9186981234', DATE '1995-03-18', 'Suhana', 'Ali', 'F');
INSERT INTO DB1mnr_Person (email, phone, DOB, first_name, last_name, gender) VALUES
('manoj.jason@example.com', '9143456423', DATE '1980-12-20', 'Manoj', 'Jason', 'M');
INSERT INTO DB1mnr_Person (email, phone, DOB, first_name, last_name, gender) VALUES
('raj.singh@example.com', '9191233867', DATE '1989-05-15', 'Raj', 'Singh', 'M');
INSERT INTO DB1mnr_Person (email, phone, DOB, first_name, last_name, gender) VALUES
('deep.singh@example.com', '9979866583', DATE '1992-08-25', 'Deep', 'Singh', 'M');
INSERT INTO DB1mnr_Person (email, phone, DOB, first_name, last_name, gender) VALUES
('sam.webster@example.com', '6256513268', DATE '1990-11-12', 'Sam', 'Webster', 'M');
INSERT INTO DB1mnr_Person (email, phone, DOB, first_name, last_name, gender) VALUES
('anita.kumari@example.com', '9146761212', DATE '1994-03-03', 'Anita', 'Kumari', 'F');
INSERT INTO DB1mnr_Person (email, phone, DOB, first_name, last_name, gender) VALUES
('harish.kumar@example.com', '7588456771', DATE '1988-12-20', 'Harish', 'Kumar', 'M');
INSERT INTO DB1mnr_Person (email, phone, DOB, first_name, last_name, gender) VALUES
('shwetha.patel@example.com', '5817254967', DATE '1985-05-15', 'Shwetha', 'Patel', 'F');
INSERT INTO DB1mnr_Person (email, phone, DOB, first_name, last_name, gender) VALUES
('ananya.abhi@example.com', '9194166543', DATE '1990-08-18', 'Ananya', 'Abhi', 'F');
INSERT INTO DB1mnr_Person (email, phone, DOB, first_name, last_name, gender) VALUES
('sanju.reddy@example.com', '9156723210', DATE '1982-10-23', 'Sanju', 'Reddy', 'M');
INSERT INTO DB1mnr_Person (email, phone, DOB, first_name, last_name, gender) VALUES
('elizabeth.samanta@example.com', '6586988234', DATE '1995-03-18', 'Elizabeth', 'Samanta', 'F');
INSERT INTO DB1mnr_Person (email, phone, DOB, first_name, last_name, gender) VALUES
('michael.jake@example.com', '5593466413', DATE '1980-12-22', 'Michael', 'Jake', 'M');
INSERT INTO DB1mnr_Person (email, phone, DOB, first_name, last_name, gender) VALUES
('rohan.katrale@example.com', '9131283867', DATE '1989-05-11', 'Rohan', 'Katrale', 'M');
INSERT INTO DB1mnr_Person (email, phone, DOB, first_name, last_name, gender) VALUES
('kiran.reddy@example.com', '9187868583', DATE '1992-12-25', 'Kiran', 'Reddy', 'M');
INSERT INTO DB1mnr_Person (email, phone, DOB, first_name, last_name, gender) VALUES
('sameer.singh@example.com', '5159513768', DATE '1990-11-10', 'Sameer', 'Singh', 'M');
INSERT INTO DB1mnr_Person (email, phone, DOB, first_name, last_name, gender) VALUES
('nikitha.bharadwaj@example.com', '9126561212', DATE '1994-03-03', 'Nikitha', 'Bharadwaj', 'F');
INSERT INTO DB1mnr_Person (email, phone, DOB, first_name, last_name, gender) VALUES
('mohan.reddy@example.com', '9117456771', DATE '1988-12-20', 'Mohan', 'Reddy', 'M');
INSERT INTO DB1mnr_Person (email, phone, DOB, first_name, last_name, gender) VALUES
('janes.anders@example.com', '5257264967', DATE '1982-05-15', 'Janes', 'Anders', 'M');
INSERT INTO DB1mnr_Person (email, phone, DOB, first_name, last_name, gender) VALUES
('bhavya.gowda@example.com', '9174266543', DATE '1992-08-18', 'Bhavya', 'Gowda', 'F');
INSERT INTO DB1mnr_Person (email, phone, DOB, first_name, last_name, gender) VALUES
('suresh.kumar@example.com', '9196728210', DATE '1980-10-23', 'Suresh', 'Kumar', 'M');
INSERT INTO DB1mnr_Person (email, phone, DOB, first_name, last_name, gender) VALUES
('pavithra.rajesh@example.com', '9186488234', DATE '1991-03-18', 'Pavithra', 'Rajesh', 'F');
INSERT INTO DB1mnr_Person (email, phone, DOB, first_name, last_name, gender) VALUES
('akshay.patel@example.com', '9113566413', DATE '1985-12-22', 'Akshay', 'Patel', 'M');
INSERT INTO DB1mnr_Person (email, phone, DOB, first_name, last_name, gender) VALUES
('mandeep.mishra@example.com', '9197283867', DATE '1987-05-11', 'Mandeep', 'Mishra', 'M');
INSERT INTO DB1mnr_Person (email, phone, DOB, first_name, last_name, gender) VALUES
('graeme.smith@example.com', '5521898583', DATE '1993-12-25', 'Graeme', 'Smith', 'M');
INSERT INTO DB1mnr_Person (email, phone, DOB, first_name, last_name, gender) VALUES
('srinivas.reddy@example.com', '9128523768', DATE '1977-11-10', 'Srinivas', 'Reddy', 'M');
INSERT INTO DB1mnr_Person (email, phone, DOB, first_name, last_name, gender) VALUES
('rishika.patel@example.com', '9132561212', DATE '1992-03-03', 'Rishika', 'Patel', 'F');
INSERT INTO DB1mnr_Person (email, phone, DOB, first_name, last_name, gender) VALUES
('michael.clarke@example.com', '5512456771', DATE '1987-12-20', 'Michael', 'Clarke', 'M');
INSERT INTO DB1mnr_Person (email, phone, DOB, first_name, last_name, gender) VALUES
('ruthvika.patel@example.com', '9112561212', DATE '1992-03-03', 'Ruthvika', 'Patel', 'F');


-- 2. Insert into person Address table
INSERT INTO DB1mnr_person_Address (email, city, zip) VALUES
('sandeep.sharma@example.com', 'Bengaluru', '560086');
INSERT INTO DB1mnr_person_Address (email, city, zip) VALUES
('meghana.reddy@example.com', 'Hyderabad', '500044');
INSERT INTO DB1mnr_person_Address (email, city, zip) VALUES
('sam.wilson@example.com',  'Chicago', '60601');
INSERT INTO DB1mnr_person_Address (email, city, zip) VALUES
('anandi.singh@example.com', 'Mumbai', '400053');
INSERT INTO DB1mnr_person_Address (email,  city, zip) VALUES
('michael.james@example.com', 'Melbourne', '85001');
INSERT INTO DB1mnr_person_Address (email, city, zip) VALUES
('rajesh.dua@example.com', 'Delhi', '110001');
INSERT INTO DB1mnr_person_Address (email,  city, zip) VALUES
('wade.smith@example.com', 'Cape Town', '90001');
INSERT INTO DB1mnr_person_Address (email,  city, zip) VALUES
('samuel.abhishek@example.com', 'Chennai', '600040');
INSERT INTO DB1mnr_person_Address (email, city, zip) VALUES
('ananya.singh@example.com',  'Mumbai', '400050');
INSERT INTO DB1mnr_person_Address (email, city, zip) VALUES
('mohit.sharma@example.com',  'Bengaluru', '560041');
INSERT INTO DB1mnr_person_Address (email, city, zip) VALUES
('james.doe@example.com', 'Adelaide', '10001');
INSERT INTO DB1mnr_person_Address (email, city, zip) VALUES
('bhagya.patil@example.com',  'Los Angeles', '90001');
INSERT INTO DB1mnr_person_Address (email, city, zip) VALUES
('santosh.kumar@example.com', 'Patna', '800001');
INSERT INTO DB1mnr_person_Address(email, city, zip) VALUES
('shabnam.ismail@example.com', 'Islamabad', '77001');
INSERT INTO DB1mnr_person_Address (email, city, zip) VALUES
('madan.jack@example.com', 'Chennai', '600001');
INSERT INTO DB1mnr_person_Address (email,  city, zip) VALUES
('ranjith.singh@example.com', 'Delhi', '100001');
INSERT INTO DB1mnr_person_Address (email,  city, zip) VALUES
('kuldeep.yadav@example.com', 'Lucknow', '226005');
INSERT INTO DB1mnr_person_Address (email,  city, zip) VALUES
('samuel.webster@example.com', 'Chicago', '60601');
INSERT INTO DB1mnr_person_Address (email, city, zip) VALUES
('anita.negi@example.com', 'Meerut', '250406');
INSERT INTO DB1mnr_person_Address (email, city, zip) VALUES
('harshit.kumar@example.com',  'Bengaluru', '560066');
INSERT INTO DB1mnr_person_Address (email,  city, zip) VALUES
('shwetha.sharma@example.com',  'Pune', '412205');
INSERT INTO DB1mnr_person_Address (email, city, zip) VALUES
('ananya.amar@example.com',  'Bengaluru', '560010');
INSERT INTO DB1mnr_person_Address (email, city, zip) VALUES
('sanjay.singh@example.com',  'Chennai', '600020');
INSERT INTO DB1mnr_person_Address (email,  city, zip) VALUES
('elizabeth.smith@example.com',  'London', '77001');
INSERT INTO DB1mnr_person_Address (email, city, zip) VALUES
('michael.jackson@example.com', 'Phoenix', '85001');
INSERT INTO DB1mnr_person_Address (email, city, zip) VALUES
('rohit.rathod@example.com', 'Bidar', '585328');
INSERT INTO DB1mnr_person_Address (email,  city, zip) VALUES
('vamshi.reddy@example.com', 'Vishakapatnam', '531035');
INSERT INTO DB1mnr_person_Address (email,  city, zip) VALUES
('sachin.sharma@example.com', 'Kolkata', '700027');
INSERT INTO DB1mnr_person_Address (email, city, zip) VALUES
('nikitha.singh@example.com', 'Hyderabad', '500034');
INSERT INTO DB1mnr_person_Address (email,  city, zip) VALUES
('murali.mohan@example.com', 'Kolar', '563138');
INSERT INTO DB1mnr_person_Address (email, city, zip) VALUES
('james.anderson@example.com',  'Liverpool', '10001');
INSERT INTO DB1mnr_person_Address (email, city, zip) VALUES
('bhargavi.gowda@example.com', 'Bengaluru', '560003');
INSERT INTO DB1mnr_person_Address (email, city, zip) VALUES
('sachin.kumar@example.com', 'Mumbai', '400050');
INSERT INTO DB1mnr_person_Address (email,  city, zip) VALUES
('chandana.ramesh@example.com',  'Bengaluru', '560030');
INSERT INTO DB1mnr_person_Address (email, city, zip) VALUES
('munaf.patel@example.com',  'Ahmedabad', '363610');
INSERT INTO DB1mnr_person_Address (email, city, zip) VALUES
('ramesh.mishra@example.com', 'Noida', '201301');
INSERT INTO DB1mnr_person_Address (email,  city, zip) VALUES
('steven.smith@example.com', 'Sydney', '90001');
INSERT INTO DB1mnr_person_Address (email, city, zip) VALUES
('srikar.rao@example.com', 'Tirupati', '517501');
INSERT INTO DB1mnr_person_Address (email,  city, zip) VALUES
('jiya.patel@example.com',  'Surat', '395007');
INSERT INTO DB1mnr_person_Address (email,  city, zip) VALUES
('mitchell.starc@example.com', 'Wellington', '85001');
INSERT INTO DB1mnr_person_Address (email,  city, zip) VALUES
('sandeep.singh@example.com',  'Bengaluru', '560086');
INSERT INTO DB1mnr_person_Address (email, city, zip) VALUES
('megha.reddy@example.com', 'Hyderabad', '500044');
INSERT INTO DB1mnr_person_Address (email,  city, zip) VALUES
('samuel.wilson@example.com',  'Chicago', '60601');
INSERT INTO DB1mnr_person_Address (email,  city, zip) VALUES
('aparna.singh@example.com',  'Mumbai', '400053');
INSERT INTO DB1mnr_person_Address (email,  city, zip) VALUES
('michael.jones@example.com',  'Melbourne', '85001');
INSERT INTO DB1mnr_person_Address (email, city, zip) VALUES
('rajesh.rajput@example.com', 'Delhi', '110001');
INSERT INTO DB1mnr_person_Address (email, city, zip) VALUES
('wagner.smith@example.com', 'Cape Town', '90001');
INSERT INTO DB1mnr_person_Address (email,  city, zip) VALUES
('sanjay.abhishek@example.com',  'Chennai', '600040');
INSERT INTO DB1mnr_person_Address (email, city, zip) VALUES
('ananya.sharma@example.com', 'Mumbai', '400050');
INSERT INTO DB1mnr_person_Address (email,  city, zip) VALUES
('mohit.gowda@example.com',  'Bengaluru', '560041');
INSERT INTO DB1mnr_person_Address (email, city, zip) VALUES
('james.duce@example.com',  'Adelaide', '10001');
INSERT INTO DB1mnr_person_Address (email,  city, zip) VALUES
('bhagyashree.patil@example.com', 'Los Angeles', '90001');
INSERT INTO DB1mnr_person_Address (email, city, zip) VALUES
('santosh.kamal@example.com', 'Patna', '800001');
INSERT INTO DB1mnr_person_Address (email, city, zip) VALUES
('shabnam.ali@example.com',  'Islamabad', '77001');
INSERT INTO DB1mnr_person_Address (email,  city, zip) VALUES
('madan.jason@example.com', 'Chennai', '600001');
INSERT INTO DB1mnr_person_Address (email, city, zip) VALUES
('rajesh.singh@example.com', 'Delhi', '100001');
INSERT INTO DB1mnr_person_Address (email,  city, zip) VALUES
('kuldeep.singh@example.com', 'Lucknow', '226005');
INSERT INTO DB1mnr_person_Address (email,  city, zip) VALUES
('sam.weber@example.com', 'Chicago', '60601');
INSERT INTO DB1mnr_person_Address (email,  city, zip) VALUES
('anita.kumar@example.com',  'Meerut', '250406');
INSERT INTO DB1mnr_person_Address (email,  city, zip) VALUES
('harsh.kumar@example.com',  'Bengaluru', '560066');
INSERT INTO DB1mnr_person_Address (email,  city, zip) VALUES
('shwetha.patil@example.com', 'Pune', '412205');
INSERT INTO DB1mnr_person_Address (email,  city, zip) VALUES
('ananya.anand@example.com', 'Bengaluru', '560010');
INSERT INTO DB1mnr_person_Address (email,  city, zip) VALUES
('sanjay.reddy@example.com',  'Chennai', '600020');
INSERT INTO DB1mnr_person_Address (email, city, zip) VALUES
('elizabeth.sam@example.com',  'London', '77001');
INSERT INTO DB1mnr_person_Address (email,  city, zip) VALUES
('michael.jak@example.com', 'Phoenix', '85001');
INSERT INTO DB1mnr_person_Address (email,  city, zip) VALUES
('rohit.katrale@example.com', 'Bidar', '585328');
INSERT INTO DB1mnr_person_Address (email,  city, zip) VALUES
('krishna.reddy@example.com',  'Vishakapatnam', '531035');
INSERT INTO DB1mnr_person_Address (email, city, zip) VALUES
('sachin.singh@example.com', 'Kolkata', '700027');
INSERT INTO DB1mnr_person_Address (email,  city, zip) VALUES
('nikitha.sharma@example.com', 'Hyderabad', '500034');
INSERT INTO DB1mnr_person_Address (email, city, zip) VALUES
('murali.reddy@example.com', 'Kolar', '563138');
INSERT INTO DB1mnr_person_Address (email,  city, zip) VALUES
('james.anders@example.com',  'Liverpool', '10001');
INSERT INTO DB1mnr_person_Address (email,  city, zip) VALUES
('bhairavi.gowda@example.com',  'Bengaluru', '560003');
INSERT INTO DB1mnr_person_Address (email,  city, zip) VALUES
('sanket.kumar@example.com', 'Mumbai', '400050');
INSERT INTO DB1mnr_person_Address (email,  city, zip) VALUES
('chandana.rajesh@example.com',  'Bengaluru', '560030');
INSERT INTO DB1mnr_person_Address (email,  city, zip) VALUES
('akshar.patel@example.com', 'Ahmedabad', '363610');
INSERT INTO DB1mnr_person_Address (email,  city, zip) VALUES
('manish.mishra@example.com',  'Noida', '201301');
INSERT INTO DB1mnr_person_Address (email, city, zip) VALUES
('steve.smith@example.com', 'Sydney', '90001');
INSERT INTO DB1mnr_person_Address (email,  city, zip) VALUES
('srinivas.rao@example.com',  'Tirupati', '517501');
INSERT INTO DB1mnr_person_Address (email, city, zip) VALUES
('ria.patel@example.com', 'Surat', '395007');
INSERT INTO DB1mnr_person_Address (email, city, zip) VALUES
('michael.starc@example.com', 'Wellington', '85001');
INSERT INTO DB1mnr_person_Address (email, city, zip) VALUES
('rani.patel@example.com',  'Surat', '395007');
INSERT INTO DB1mnr_person_Address (email,  city, zip) VALUES
('james.duke@example.com',  'Adelaide', '10001');
INSERT INTO DB1mnr_person_Address (email,  city, zip) VALUES
('bindushree.patil@example.com',  'Los Angeles', '90001');
INSERT INTO DB1mnr_person_Address (email,  city, zip) VALUES
('sanket.kamal@example.com',  'Patna', '800001');
INSERT INTO DB1mnr_person_Address (email,  city, zip) VALUES
('suhana.ali@example.com',  'Islamabad', '77001');
INSERT INTO DB1mnr_person_Address (email,  city, zip) VALUES
('manoj.jason@example.com', 'Chennai', '600001');
INSERT INTO DB1mnr_person_Address (email,  city, zip) VALUES
('raj.singh@example.com', 'Delhi', '100001');
INSERT INTO DB1mnr_person_Address (email,  city, zip) VALUES
('deep.singh@example.com', 'Lucknow', '226005');
INSERT INTO DB1mnr_person_Address (email, city, zip) VALUES
('sam.webster@example.com',  'Chicago', '60601');
INSERT INTO DB1mnr_person_Address (email,  city, zip) VALUES
('anita.kumari@example.com',  'Meerut', '250406');
INSERT INTO DB1mnr_person_Address (email, city, zip) VALUES
('harish.kumar@example.com', 'Bengaluru', '560066');
INSERT INTO DB1mnr_person_Address (email,  city, zip) VALUES
('shwetha.patel@example.com',  'Pune', '412205');
INSERT INTO DB1mnr_person_Address (email,  city, zip) VALUES
('ananya.abhi@example.com', 'Bengaluru', '560010');
INSERT INTO DB1mnr_person_Address (email,  city, zip) VALUES
('sanju.reddy@example.com',  'Chennai', '600020');
INSERT INTO DB1mnr_person_Address (email, city, zip) VALUES
('elizabeth.samanta@example.com',  'London', '77001');
INSERT INTO DB1mnr_person_Address (email,  city, zip) VALUES
('michael.jake@example.com',  'Phoenix', '85001');
INSERT INTO DB1mnr_person_Address (email,  city, zip) VALUES
('rohan.katrale@example.com',  'Bidar', '585328');
INSERT INTO DB1mnr_person_Address (email,  city, zip) VALUES
('kiran.reddy@example.com', 'Vishakapatnam', '531035');
INSERT INTO DB1mnr_person_Address (email,  city, zip) VALUES
('sameer.singh@example.com', 'Kolkata', '700027');
INSERT INTO DB1mnr_person_Address (email,  city, zip) VALUES
('nikitha.bharadwaj@example.com',  'Hyderabad', '500034');
INSERT INTO DB1mnr_person_Address (email, city, zip) VALUES
('mohan.reddy@example.com',  'Kolar', '563138');
INSERT INTO DB1mnr_person_Address (email, city, zip) VALUES
('janes.anders@example.com','Liverpool', '10001');
INSERT INTO DB1mnr_person_Address (email,  city, zip) VALUES
('bhavya.gowda@example.com', 'Bengaluru', '560003');
INSERT INTO DB1mnr_person_Address (email, city, zip) VALUES
('suresh.kumar@example.com',  'Mumbai', '400050');
INSERT INTO DB1mnr_person_Address (email, city, zip) VALUES
('pavithra.rajesh@example.com',  'Bengaluru', '560030');
INSERT INTO DB1mnr_person_Address (email, city, zip) VALUES
('akshay.patel@example.com',  'Ahmedabad', '363610');
INSERT INTO DB1mnr_person_Address (email,  city, zip) VALUES
('mandeep.mishra@example.com', 'Noida', '201301');
INSERT INTO DB1mnr_person_Address (email, city, zip) VALUES
('graeme.smith@example.com', 'Sydney', '90001');
INSERT INTO DB1mnr_person_Address (email,  city, zip) VALUES
('srinivas.reddy@example.com', 'Tirupati', '517501');
INSERT INTO DB1mnr_person_Address (email, city, zip) VALUES
('rishika.patel@example.com', 'Surat', '395007');
INSERT INTO DB1mnr_person_Address (email,  city, zip) VALUES
('michael.clarke@example.com', 'Wellington', '85001');
INSERT INTO DB1mnr_person_Address (email,  city, zip) VALUES
('ruthvika.patel@example.com',  'Surat', '395007');


-- 3. Insert into Employee Table
INSERT INTO DB1mnr_Employee (email, ssn, salary, start_date, designation) VALUES
('sandeep.sharma@example.com', '123-45-6789', 60000, DATE '2010-06-01', 'Manager');
INSERT INTO DB1mnr_Employee (email, ssn, salary, start_date, designation) VALUES
('meghana.reddy@example.com', '987-65-4321', 50000, DATE '2015-09-10', 'Sales Associate');
INSERT INTO DB1mnr_Employee (email, ssn, salary, start_date, designation) VALUES
('sam.wilson@example.com', '456-78-9123', 75000, DATE '2012-04-15', 'Analyst');
INSERT INTO DB1mnr_Employee (email, ssn, salary, start_date, designation) VALUES
('anandi.singh@example.com', '321-54-9876', 55000, DATE '2018-08-20', 'Coordinator');
INSERT INTO DB1mnr_Employee (email, ssn, salary, start_date, designation) VALUES
('michael.james@example.com', '654-32-1098', 67000, DATE '2017-11-01', 'Supervisor');
INSERT INTO DB1mnr_Employee (email, ssn, salary, start_date, designation) VALUES
('rajesh.dua@example.com', '123-45-6729', 61000, DATE '2010-06-02', 'Manager');
INSERT INTO DB1mnr_Employee (email, ssn, salary, start_date, designation) VALUES
('wade.smith@example.com', '987-65-4311', 50000, DATE '2015-09-11', 'Sales Associate');
INSERT INTO DB1mnr_Employee (email, ssn, salary, start_date, designation) VALUES
('samuel.abhishek@example.com', '456-78-9623', 77000, DATE '2012-04-05', 'Analyst');
INSERT INTO DB1mnr_Employee (email, ssn, salary, start_date, designation) VALUES
('ananya.singh@example.com', '321-54-9826', 59000, DATE '2018-08-21', 'Coordinator');
INSERT INTO DB1mnr_Employee (email, ssn, salary, start_date, designation) VALUES
('mohit.sharma@example.com', '654-32-1198', 65000, DATE '2017-11-11', 'Supervisor');
INSERT INTO DB1mnr_Employee (email, ssn, salary, start_date, designation) VALUES
('james.doe@example.com', '123-25-6739', 60000, DATE '2011-06-01', 'Manager');
INSERT INTO DB1mnr_Employee (email, ssn, salary, start_date, designation) VALUES
('bhagya.patil@example.com', '967-65-4321', 50000, DATE '2012-09-10', 'Sales Associate');
INSERT INTO DB1mnr_Employee (email, ssn, salary, start_date, designation) VALUES
('shabnam.ismail@example.com', '426-78-9163', 75000, DATE '2013-04-15', 'Analyst');
INSERT INTO DB1mnr_Employee (email, ssn, salary, start_date, designation) VALUES
('madan.jack@example.com', '654-32-1089', 67000, DATE '2017-11-01', 'Supervisor');
INSERT INTO DB1mnr_Employee (email, ssn, salary, start_date, designation) VALUES
('ranjith.singh@example.com', '123-45-6759', 61000, DATE '2011-06-02', 'Manager');
INSERT INTO DB1mnr_Employee (email, ssn, salary, start_date, designation) VALUES
('kuldeep.yadav@example.com', '987-65-4341', 50000, DATE '2016-09-11', 'Sales Associate');
INSERT INTO DB1mnr_Employee (email, ssn, salary, start_date, designation) VALUES
('samuel.webster@example.com', '456-78-5623', 77000, DATE '2013-04-05', 'Analyst');
INSERT INTO DB1mnr_Employee (email, ssn, salary, start_date, designation) VALUES
('anita.negi@example.com', '321-54-9846', 59000, DATE '2019-08-21', 'Coordinator');
INSERT INTO DB1mnr_Employee (email, ssn, salary, start_date, designation) VALUES
('harshit.kumar@example.com', '694-32-1198', 65000, DATE '2011-11-11', 'Supervisor');
INSERT INTO DB1mnr_Employee (email, ssn, salary, start_date, designation) VALUES
('shwetha.sharma@example.com', '183-25-6739', 60000, DATE '2016-06-01', 'Manager');
INSERT INTO DB1mnr_Employee (email, ssn, salary, start_date, designation) VALUES
('ananya.amar@example.com', '947-65-4321', 50000, DATE '2017-09-10', 'Sales Associate');
INSERT INTO DB1mnr_Employee (email, ssn, salary, start_date, designation) VALUES
('sanjay.singh@example.com', '416-78-9163', 75000, DATE '2014-04-15', 'Analyst');
INSERT INTO DB1mnr_Employee (email, ssn, salary, start_date, designation) VALUES
('elizabeth.smith@example.com', '359-54-9845', 55000, DATE '2018-08-20', 'Coordinator');
INSERT INTO DB1mnr_Employee (email, ssn, salary, start_date, designation) VALUES
('michael.jackson@example.com', '653-32-1089', 67000, DATE '2017-11-01', 'Supervisor');
INSERT INTO DB1mnr_Employee (email, ssn, salary, start_date, designation) VALUES
('rohit.rathod@example.com', '923-45-6759', 61000, DATE '2011-06-12', 'Manager');
INSERT INTO DB1mnr_Employee (email, ssn, salary, start_date, designation) VALUES
('vamshi.reddy@example.com', '487-65-4341', 50000, DATE '2016-09-21', 'Sales Associate');
INSERT INTO DB1mnr_Employee (email, ssn, salary, start_date, designation) VALUES
('sachin.sharma@example.com', '756-78-5623', 77000, DATE '2013-04-15', 'Analyst');
INSERT INTO DB1mnr_Employee (email, ssn, salary, start_date, designation) VALUES
('nikitha.singh@example.com', '821-54-9846', 59000, DATE '2019-09-21', 'Coordinator');
INSERT INTO DB1mnr_Employee (email, ssn, salary, start_date, designation) VALUES
('murali.mohan@example.com', '594-32-1198', 65000, DATE '2012-11-11', 'Supervisor');
INSERT INTO DB1mnr_Employee (email, ssn, salary, start_date, designation) VALUES
('james.anderson@example.com', '188-25-6739', 60000, DATE '2009-06-01', 'Manager');
INSERT INTO DB1mnr_Employee (email, ssn, salary, start_date, designation) VALUES
('bhargavi.gowda@example.com', '947-75-4321', 50000, DATE '2010-09-10', 'Sales Associate');
INSERT INTO DB1mnr_Employee (email, ssn, salary, start_date, designation) VALUES
('sachin.kumar@example.com', '416-28-9163', 75000, DATE '2007-04-15', 'Analyst');
INSERT INTO DB1mnr_Employee (email, ssn, salary, start_date, designation) VALUES
('chandana.ramesh@example.com', '359-14-9845', 55000, DATE '2014-08-20', 'Coordinator');
INSERT INTO DB1mnr_Employee (email, ssn, salary, start_date, designation) VALUES
('munaf.patel@example.com', '653-82-1089', 67000, DATE '2019-11-01', 'Supervisor');
INSERT INTO DB1mnr_Employee (email, ssn, salary, start_date, designation) VALUES
('ramesh.mishra@example.com', '923-49-6759', 61000, DATE '2010-06-12', 'Manager');
INSERT INTO DB1mnr_Employee (email, ssn, salary, start_date, designation) VALUES
('steven.smith@example.com', '417-65-4341', 50000, DATE '2019-09-21', 'Sales Associate');
INSERT INTO DB1mnr_Employee (email, ssn, salary, start_date, designation) VALUES
('srikar.rao@example.com', '756-68-5623', 77000, DATE '2005-04-15', 'Analyst');
INSERT INTO DB1mnr_Employee (email, ssn, salary, start_date, designation) VALUES
('jiya.patel@example.com', '823-54-9846', 59000, DATE '2012-09-21', 'Coordinator');
INSERT INTO DB1mnr_Employee (email, ssn, salary, start_date, designation) VALUES
('mitchell.starc@example.com', '594-92-1198', 65000, DATE '2016-11-11', 'Supervisor');
INSERT INTO DB1mnr_Employee (email, ssn, salary, start_date, designation) VALUES
('michael.starc@example.com', '592-92-1198', 65000, DATE '2016-11-11', 'Supervisor');



-- 4. Insert into Customer Table
INSERT INTO DB1mnr_Customer (email, cust_id) VALUES
('sandeep.singh@example.com', 101);
INSERT INTO DB1mnr_Customer (email, cust_id) VALUES
('megha.reddy@example.com', 102);
INSERT INTO DB1mnr_Customer (email, cust_id) VALUES
('samuel.wilson@example.com', 103);
INSERT INTO DB1mnr_Customer (email, cust_id) VALUES
('aparna.singh@example.com', 104);
INSERT INTO DB1mnr_Customer (email, cust_id) VALUES
('michael.jones@example.com', 105);
INSERT INTO DB1mnr_Customer (email, cust_id) VALUES
('rajesh.rajput@example.com', 106);
INSERT INTO DB1mnr_Customer (email, cust_id) VALUES
('wagner.smith@example.com', 107);
INSERT INTO DB1mnr_Customer (email, cust_id) VALUES
('sanjay.abhishek@example.com', 108);
INSERT INTO DB1mnr_Customer (email, cust_id) VALUES
('ananya.sharma@example.com', 109);
INSERT INTO DB1mnr_Customer (email, cust_id) VALUES
('mohit.sharma@example.com', 110);
INSERT INTO DB1mnr_Customer (email, cust_id) VALUES
('james.duce@example.com', 111);
INSERT INTO DB1mnr_Customer (email, cust_id) VALUES
('bhagyashree.patil@example.com', 112);
INSERT INTO DB1mnr_Customer (email, cust_id) VALUES
('santosh.kamal@example.com', 113);
INSERT INTO DB1mnr_Customer (email, cust_id) VALUES
('shabnam.ali@example.com', 114);
INSERT INTO DB1mnr_Customer (email, cust_id) VALUES
('madan.jason@example.com', 115);
INSERT INTO DB1mnr_Customer (email, cust_id) VALUES
('rajesh.singh@example.com', 116);
INSERT INTO DB1mnr_Customer (email, cust_id) VALUES
('kuldeep.singh@example.com', 117);
INSERT INTO DB1mnr_Customer (email, cust_id) VALUES
('sam.weber@example.com', 118);
INSERT INTO DB1mnr_Customer (email, cust_id) VALUES
('anita.kumar@example.com', 119);
INSERT INTO DB1mnr_Customer (email, cust_id) VALUES
('harsh.kumar@example.com', 120);
INSERT INTO DB1mnr_Customer (email, cust_id) VALUES
('shwetha.patil@example.com', 121);
INSERT INTO DB1mnr_Customer (email, cust_id) VALUES
('ananya.anand@example.com', 122);
INSERT INTO DB1mnr_Customer (email, cust_id) VALUES
('sanjay.reddy@example.com', 123);
INSERT INTO DB1mnr_Customer (email, cust_id) VALUES
('elizabeth.sam@example.com', 124);
INSERT INTO DB1mnr_Customer (email, cust_id) VALUES
('michael.jak@example.com', 125);
INSERT INTO DB1mnr_Customer (email, cust_id) VALUES
('rohit.katrale@example.com', 126);
INSERT INTO DB1mnr_Customer (email, cust_id) VALUES
('krishna.reddy@example.com', 127);
INSERT INTO DB1mnr_Customer (email, cust_id) VALUES
('sachin.singh@example.com', 128);
INSERT INTO DB1mnr_Customer (email, cust_id) VALUES
('nikitha.sharma@example.com', 129);
INSERT INTO DB1mnr_Customer (email, cust_id) VALUES
('murali.reddy@example.com', 130);
INSERT INTO DB1mnr_Customer (email, cust_id) VALUES
('james.anders@example.com', 131);
INSERT INTO DB1mnr_Customer (email, cust_id) VALUES
('bhairavi.gowda@example.com', 132);
INSERT INTO DB1mnr_Customer (email, cust_id) VALUES
('sanket.kumar@example.com', 133);
INSERT INTO DB1mnr_Customer (email, cust_id) VALUES
('chandana.ramesh@example.com', 134);
INSERT INTO DB1mnr_Customer (email, cust_id) VALUES
('manish.mishra@example.com', 135);
INSERT INTO DB1mnr_Customer (email, cust_id) VALUES
('steve.smith@example.com', 136);
INSERT INTO DB1mnr_Customer (email, cust_id) VALUES
('srinivas.rao@example.com', 137);
INSERT INTO DB1mnr_Customer (email, cust_id) VALUES
('ria.patel@example.com', 138);
INSERT INTO DB1mnr_Customer (email, cust_id) VALUES
('rani.patel@example.com', 139);
INSERT INTO DB1mnr_Customer (email, cust_id) VALUES
('akshar.patel@example.com', 140);
INSERT INTO DB1mnr_Customer (email, cust_id) VALUES
('james.duke@example.com', 141);
INSERT INTO DB1mnr_Customer (email, cust_id) VALUES
('bindushree.patil@example.com', 142);
INSERT INTO DB1mnr_Customer (email, cust_id) VALUES
('sanket.kamal@example.com', 143);
INSERT INTO DB1mnr_Customer (email, cust_id) VALUES
('suhana.ali@example.com', 144);
INSERT INTO DB1mnr_Customer (email, cust_id) VALUES
('manoj.jason@example.com', 145);
INSERT INTO DB1mnr_Customer (email, cust_id) VALUES
('raj.singh@example.com', 146);
INSERT INTO DB1mnr_Customer (email, cust_id) VALUES
('deep.singh@example.com', 147);
INSERT INTO DB1mnr_Customer (email, cust_id) VALUES
('sam.webster@example.com', 148);
INSERT INTO DB1mnr_Customer (email, cust_id) VALUES
('anita.kumari@example.com', 149);
INSERT INTO DB1mnr_Customer (email, cust_id) VALUES
('harish.kumar@example.com', 150);
INSERT INTO DB1mnr_Customer (email, cust_id) VALUES
('shwetha.patel@example.com', 151);
INSERT INTO DB1mnr_Customer (email, cust_id) VALUES
('ananya.abhi@example.com', 152);
INSERT INTO DB1mnr_Customer (email, cust_id) VALUES
('sanju.reddy@example.com', 153);
INSERT INTO DB1mnr_Customer (email, cust_id) VALUES
('elizabeth.samanta@example.com', 154);
INSERT INTO DB1mnr_Customer (email, cust_id) VALUES
('michael.jake@example.com', 155);
INSERT INTO DB1mnr_Customer (email, cust_id) VALUES
('rohan.katrale@example.com', 156);
INSERT INTO DB1mnr_Customer (email, cust_id) VALUES
('kiran.reddy@example.com', 157);
INSERT INTO DB1mnr_Customer (email, cust_id) VALUES
('sameer.singh@example.com', 158);
INSERT INTO DB1mnr_Customer (email, cust_id) VALUES
('nikitha.bharadwaj@example.com', 159);
INSERT INTO DB1mnr_Customer (email, cust_id) VALUES
('mohan.reddy@example.com', 160);
INSERT INTO DB1mnr_Customer (email, cust_id) VALUES
('janes.anders@example.com', 161);
INSERT INTO DB1mnr_Customer (email, cust_id) VALUES
('bhavya.gowda@example.com', 162);
INSERT INTO DB1mnr_Customer (email, cust_id) VALUES
('suresh.kumar@example.com', 163);
INSERT INTO DB1mnr_Customer (email, cust_id) VALUES
('pavithra.rajesh@example.com', 164);
INSERT INTO DB1mnr_Customer (email, cust_id) VALUES
('mandeep.mishra@example.com', 165);
INSERT INTO DB1mnr_Customer (email, cust_id) VALUES
('graeme.smith@example.com', 166);
INSERT INTO DB1mnr_Customer (email, cust_id) VALUES
('srinivas.reddy@example.com', 167);
INSERT INTO DB1mnr_Customer (email, cust_id) VALUES
('rishika.patel@example.com', 168);
INSERT INTO DB1mnr_Customer (email, cust_id) VALUES
('ruthvika.patel@example.com', 169);
INSERT INTO DB1mnr_Customer (email, cust_id) VALUES
('michael.clarke@example.com', 170);


-- 5. Insert into Match Table
INSERT INTO DB1mnr_Match (match_id, league, match_date) VALUES
(1, 'Indian Premier League', DATE '2024-05-01');
INSERT INTO DB1mnr_Match (match_id, league, match_date) VALUES
(2, 'Champions Trophy', DATE '2024-05-15');
INSERT INTO DB1mnr_Match (match_id, league, match_date) VALUES
(3, 'ICC T20 World Cup', DATE '2024-06-20');
INSERT INTO DB1mnr_Match (match_id, league, match_date) VALUES
(4, 'ICC ODI World Cup', DATE '2024-07-10');
INSERT INTO DB1mnr_Match (match_id, league, match_date) VALUES
(5, 'Ranji Trophy', DATE '2024-08-25');
INSERT INTO DB1mnr_Match (match_id, league, match_date) VALUES
(6, 'Indian Premier League', DATE '2023-05-01');
INSERT INTO DB1mnr_Match (match_id, league, match_date) VALUES
(7, 'Champions Trophy', DATE '2023-05-15');
INSERT INTO DB1mnr_Match (match_id, league, match_date) VALUES
(8, 'ICC T20 World Cup', DATE '2023-06-20');
INSERT INTO DB1mnr_Match (match_id, league, match_date) VALUES
(9, 'ICC ODI World Cup', DATE '2023-07-10');
INSERT INTO DB1mnr_Match (match_id, league, match_date) VALUES
(10, 'Ranji Trophy', DATE '2023-08-25');
INSERT INTO DB1mnr_Match (match_id, league, match_date) VALUES
(11, 'Indian Premier League', DATE '2022-05-01');
INSERT INTO DB1mnr_Match (match_id, league, match_date) VALUES
(12, 'Champions Trophy', DATE '2022-05-15');
INSERT INTO DB1mnr_Match (match_id, league, match_date) VALUES
(13, 'ICC T20 World Cup', DATE '2022-06-20');
INSERT INTO DB1mnr_Match (match_id, league, match_date) VALUES
(14, 'ICC ODI World Cup', DATE '2022-07-10');
INSERT INTO DB1mnr_Match (match_id, league, match_date) VALUES
(15, 'Ranji Trophy', DATE '2022-08-25');
INSERT INTO DB1mnr_Match (match_id, league, match_date) VALUES
(16, 'Indian Premier League', DATE '2022-05-01');
INSERT INTO DB1mnr_Match (match_id, league, match_date) VALUES
(17, 'Champions Trophy', DATE '2022-05-15');
INSERT INTO DB1mnr_Match (match_id, league, match_date) VALUES
(18, 'ICC T20 World Cup', DATE '2022-06-20');
INSERT INTO DB1mnr_Match (match_id, league, match_date) VALUES
(19, 'ICC ODI World Cup', DATE '2022-07-10');
INSERT INTO DB1mnr_Match (match_id, league, match_date) VALUES
(20, 'Ranji Trophy', DATE '2022-08-25');
INSERT INTO DB1mnr_Match (match_id, league, match_date) VALUES
(21, 'Indian Premier League', DATE '2021-05-01');
INSERT INTO DB1mnr_Match (match_id, league, match_date) VALUES
(22, 'Champions Trophy', DATE '2021-05-15');
INSERT INTO DB1mnr_Match (match_id, league, match_date) VALUES
(23, 'ICC T20 World Cup', DATE '2021-06-20');
INSERT INTO DB1mnr_Match (match_id, league, match_date) VALUES
(24, 'ICC ODI World Cup', DATE '2021-07-10');
INSERT INTO DB1mnr_Match (match_id, league, match_date) VALUES
(25, 'Ranji Trophy', DATE '2021-08-25');
INSERT INTO DB1mnr_Match (match_id, league, match_date) VALUES
(26, 'Indian Premier League', DATE '2021-05-01');
INSERT INTO DB1mnr_Match (match_id, league, match_date) VALUES
(27, 'Champions Trophy', DATE '2021-05-15');
INSERT INTO DB1mnr_Match (match_id, league, match_date) VALUES
(28, 'ICC T20 World Cup', DATE '2021-06-20');
INSERT INTO DB1mnr_Match (match_id, league, match_date) VALUES
(29, 'ICC ODI World Cup', DATE '2021-07-10');
INSERT INTO DB1mnr_Match (match_id, league, match_date) VALUES
(30, 'Ranji Trophy', DATE '2021-08-25');
INSERT INTO DB1mnr_Match (match_id, league, match_date) VALUES
(31, 'Indian Premier League', DATE '2020-05-01');
INSERT INTO DB1mnr_Match (match_id, league, match_date) VALUES
(32, 'Champions Trophy', DATE '2020-05-15');
INSERT INTO DB1mnr_Match (match_id, league, match_date) VALUES
(33, 'ICC T20 World Cup', DATE '2020-06-20');
INSERT INTO DB1mnr_Match (match_id, league, match_date) VALUES
(34, 'ICC ODI World Cup', DATE '2020-07-10');
INSERT INTO DB1mnr_Match (match_id, league, match_date) VALUES
(35, 'Ranji Trophy', DATE '2020-08-25');
INSERT INTO DB1mnr_Match (match_id, league, match_date) VALUES
(36, 'Indian Premier League', DATE '2020-05-01');
INSERT INTO DB1mnr_Match (match_id, league, match_date) VALUES
(37, 'Champions Trophy', DATE '2020-05-15');
INSERT INTO DB1mnr_Match (match_id, league, match_date) VALUES
(38, 'ICC T20 World Cup', DATE '2020-06-20');
INSERT INTO DB1mnr_Match (match_id, league, match_date) VALUES
(39, 'ICC ODI World Cup', DATE '2020-07-10');
INSERT INTO DB1mnr_Match (match_id, league, match_date) VALUES
(40, 'Ranji Trophy', DATE '2020-08-25');


-- 6. Insert into Booking Table 
INSERT INTO DB1mnr_Booking (booking_id, cust_id, match_id, stand, seat_no, price, booking_mode) VALUES
(1001, 101, 1, 'A', 12, 50.00, 'Online');
INSERT INTO DB1mnr_Booking (booking_id, cust_id, match_id, stand, seat_no, price, booking_mode) VALUES
(1002, 102, 2, 'B', 34, 75.00, 'Offline');
INSERT INTO DB1mnr_Booking (booking_id, cust_id, match_id, stand, seat_no, price, booking_mode) VALUES
(1003, 103, 3, 'C', 56, 65.00, 'Online');
INSERT INTO DB1mnr_Booking (booking_id, cust_id, match_id, stand, seat_no, price, booking_mode) VALUES
(1004, 104, 4, 'D', 78, 80.00, 'Offline');
INSERT INTO DB1mnr_Booking (booking_id, cust_id, match_id, stand, seat_no, price, booking_mode) VALUES
(1005, 105, 5, 'E', 90, 55.00, 'Online');
INSERT INTO DB1mnr_Booking (booking_id, cust_id, match_id, stand, seat_no, price, booking_mode) VALUES
(1006, 106, 6, 'A', 12, 50.00, 'Online');
INSERT INTO DB1mnr_Booking (booking_id, cust_id, match_id, stand, seat_no, price, booking_mode) VALUES
(1007, 107, 7, 'B', 34, 75.00, 'Offline');
INSERT INTO DB1mnr_Booking (booking_id, cust_id, match_id, stand, seat_no, price, booking_mode) VALUES
(1008, 108, 8, 'C', 56, 65.00, 'Online');
INSERT INTO DB1mnr_Booking (booking_id, cust_id, match_id, stand, seat_no, price, booking_mode) VALUES
(1009, 109, 9, 'D', 78, 80.00, 'Offline');
INSERT INTO DB1mnr_Booking (booking_id, cust_id, match_id, stand, seat_no, price, booking_mode) VALUES
(1010, 110, 10, 'E', 90, 55.00, 'Online');
INSERT INTO DB1mnr_Booking (booking_id, cust_id, match_id, stand, seat_no, price, booking_mode) VALUES
(1011, 111, 11, 'A', 12, 50.00, 'Online');
INSERT INTO DB1mnr_Booking (booking_id, cust_id, match_id, stand, seat_no, price, booking_mode) VALUES
(1012, 112, 12, 'B', 34, 75.00, 'Offline');
INSERT INTO DB1mnr_Booking (booking_id, cust_id, match_id, stand, seat_no, price, booking_mode) VALUES
(1013, 113, 13, 'C', 56, 65.00, 'Online');
INSERT INTO DB1mnr_Booking (booking_id, cust_id, match_id, stand, seat_no, price, booking_mode) VALUES
(1014, 114, 14, 'D', 78, 80.00, 'Offline');
INSERT INTO DB1mnr_Booking (booking_id, cust_id, match_id, stand, seat_no, price, booking_mode) VALUES
(1015, 115, 15, 'E', 90, 55.00, 'Online');
INSERT INTO DB1mnr_Booking (booking_id, cust_id, match_id, stand, seat_no, price, booking_mode) VALUES
(1016, 116, 16, 'A', 12, 50.00, 'Online');
INSERT INTO DB1mnr_Booking (booking_id, cust_id, match_id, stand, seat_no, price, booking_mode) VALUES
(1017, 117, 17, 'B', 34, 75.00, 'Offline');
INSERT INTO DB1mnr_Booking (booking_id, cust_id, match_id, stand, seat_no, price, booking_mode) VALUES
(1018, 118, 18, 'C', 56, 65.00, 'Online');
INSERT INTO DB1mnr_Booking (booking_id, cust_id, match_id, stand, seat_no, price, booking_mode) VALUES
(1019, 119, 19, 'D', 78, 80.00, 'Offline');
INSERT INTO DB1mnr_Booking (booking_id, cust_id, match_id, stand, seat_no, price, booking_mode) VALUES
(1020, 120, 20, 'E', 90, 55.00, 'Online');
INSERT INTO DB1mnr_Booking (booking_id, cust_id, match_id, stand, seat_no, price, booking_mode) VALUES
(1021, 121, 21, 'A', 12, 50.00, 'Online');
INSERT INTO DB1mnr_Booking (booking_id, cust_id, match_id, stand, seat_no, price, booking_mode) VALUES
(1022, 122, 22, 'B', 34, 75.00, 'Offline');
INSERT INTO DB1mnr_Booking (booking_id, cust_id, match_id, stand, seat_no, price, booking_mode) VALUES
(1023, 123, 23, 'C', 56, 65.00, 'Online');
INSERT INTO DB1mnr_Booking (booking_id, cust_id, match_id, stand, seat_no, price, booking_mode) VALUES
(1024, 124, 24, 'D', 78, 80.00, 'Offline');
INSERT INTO DB1mnr_Booking (booking_id, cust_id, match_id, stand, seat_no, price, booking_mode) VALUES
(1025, 125, 25, 'E', 90, 55.00, 'Online');
INSERT INTO DB1mnr_Booking (booking_id, cust_id, match_id, stand, seat_no, price, booking_mode) VALUES
(1026, 126, 26, 'A', 12, 50.00, 'Online');
INSERT INTO DB1mnr_Booking (booking_id, cust_id, match_id, stand, seat_no, price, booking_mode) VALUES
(1027, 127, 27, 'B', 34, 75.00, 'Offline');
INSERT INTO DB1mnr_Booking (booking_id, cust_id, match_id, stand, seat_no, price, booking_mode) VALUES
(1028, 128, 28, 'C', 56, 65.00, 'Online');
INSERT INTO DB1mnr_Booking (booking_id, cust_id, match_id, stand, seat_no, price, booking_mode) VALUES
(1029, 129, 29, 'D', 78, 80.00, 'Offline');
INSERT INTO DB1mnr_Booking (booking_id, cust_id, match_id, stand, seat_no, price,booking_mode) VALUES
(1030, 130, 30, 'E', 90, 55.00, 'Online');
INSERT INTO DB1mnr_Booking (booking_id, cust_id, match_id, stand, seat_no, price, booking_mode) VALUES
(1031, 131, 31, 'A', 12, 50.00, 'Online');
INSERT INTO DB1mnr_Booking (booking_id, cust_id, match_id, stand, seat_no, price, booking_mode) VALUES
(1032, 132, 32, 'B', 34, 75.00, 'Offline');
INSERT INTO DB1mnr_Booking (booking_id, cust_id, match_id, stand, seat_no, price,booking_mode) VALUES
(1033, 133, 33, 'C', 56, 65.00, 'Online');
INSERT INTO DB1mnr_Booking (booking_id, cust_id, match_id, stand, seat_no, price, booking_mode) VALUES
(1034, 134, 34, 'D', 78, 80.00, 'Offline');
INSERT INTO DB1mnr_Booking (booking_id, cust_id, match_id, stand, seat_no, price, booking_mode) VALUES
(1035, 135, 35, 'E', 90, 55.00, 'Online');
INSERT INTO DB1mnr_Booking (booking_id, cust_id, match_id, stand, seat_no, price, booking_mode) VALUES
(1036, 136, 36, 'A', 12, 50.00, 'Online');
INSERT INTO DB1mnr_Booking (booking_id, cust_id, match_id, stand, seat_no, price, booking_mode) VALUES
(1037, 137, 37, 'B', 34, 75.00, 'Offline');
INSERT INTO DB1mnr_Booking (booking_id, cust_id, match_id, stand, seat_no, price, booking_mode) VALUES
(1038, 138, 38, 'C', 56, 65.00, 'Online');
INSERT INTO DB1mnr_Booking (booking_id, cust_id, match_id, stand, seat_no, price, booking_mode) VALUES
(1039, 139, 39, 'D', 78, 80.00, 'Offline');
INSERT INTO DB1mnr_Booking (booking_id, cust_id, match_id, stand, seat_no, price, booking_mode) VALUES
(1040, 140, 40, 'E', 90, 55.00, 'Online');
INSERT INTO DB1mnr_Booking (booking_id, cust_id, match_id, stand, seat_no, price, booking_mode) VALUES
(1041, 141, 1, 'A', 12, 50.00, 'Online');
INSERT INTO DB1mnr_Booking (booking_id, cust_id, match_id, stand, seat_no, price, booking_mode) VALUES
(1042, 142, 12, 'B', 34, 75.00, 'Offline');
INSERT INTO DB1mnr_Booking (booking_id, cust_id, match_id, stand, seat_no, price, booking_mode) VALUES
(1043, 143, 13, 'C', 56, 65.00, 'Online');
INSERT INTO DB1mnr_Booking (booking_id, cust_id, match_id, stand, seat_no, price, booking_mode) VALUES
(1044, 144, 4, 'D', 78, 80.00, 'Offline');
INSERT INTO DB1mnr_Booking (booking_id, cust_id, match_id, stand, seat_no, price, booking_mode) VALUES
(1045, 145, 15, 'E', 90, 55.00, 'Online');
INSERT INTO DB1mnr_Booking (booking_id, cust_id, match_id, stand, seat_no, price, booking_mode) VALUES
(1046, 146, 6, 'A', 12, 50.00, 'Online');
INSERT INTO DB1mnr_Booking (booking_id, cust_id, match_id, stand, seat_no, price, booking_mode) VALUES
(1047, 147, 17, 'B', 34, 75.00, 'Offline');
INSERT INTO DB1mnr_Booking (booking_id, cust_id, match_id, stand, seat_no, price, booking_mode) VALUES
(1048, 148, 8, 'C', 56, 65.00, 'Online');
INSERT INTO DB1mnr_Booking (booking_id, cust_id, match_id, stand, seat_no, price, booking_mode) VALUES
(1049, 149, 29, 'D', 78, 80.00, 'Offline');
INSERT INTO DB1mnr_Booking (booking_id, cust_id, match_id, stand, seat_no, price, booking_mode) VALUES
(1050, 150, 30, 'E', 90, 55.00, 'Online');
INSERT INTO DB1mnr_Booking (booking_id, cust_id, match_id, stand, seat_no, price, booking_mode) VALUES
(1051, 151, 21, 'A', 12, 50.00, 'Online');
INSERT INTO DB1mnr_Booking (booking_id, cust_id, match_id, stand, seat_no, price, booking_mode) VALUES
(1052, 152, 12, 'B', 34, 75.00, 'Offline');
INSERT INTO DB1mnr_Booking (booking_id, cust_id, match_id, stand, seat_no, price, booking_mode) VALUES
(1053, 153, 23, 'C', 56, 65.00, 'Online');
INSERT INTO DB1mnr_Booking (booking_id, cust_id, match_id, stand, seat_no, price, booking_mode) VALUES
(1054, 154, 14, 'D', 78, 80.00, 'Offline');
INSERT INTO DB1mnr_Booking (booking_id, cust_id, match_id, stand, seat_no, price, booking_mode) VALUES
(1055, 155, 15, 'E', 90, 55.00, 'Online');
INSERT INTO DB1mnr_Booking (booking_id, cust_id, match_id, stand, seat_no, price, booking_mode) VALUES
(1056, 156, 6, 'A', 12, 50.00, 'Online');
INSERT INTO DB1mnr_Booking (booking_id, cust_id, match_id, stand, seat_no, price, booking_mode) VALUES
(1057, 157, 7, 'B', 34, 75.00, 'Offline');
INSERT INTO DB1mnr_Booking (booking_id, cust_id, match_id, stand, seat_no, price, booking_mode) VALUES
(1058, 158, 8, 'C', 56, 65.00, 'Online');
INSERT INTO DB1mnr_Booking (booking_id, cust_id, match_id, stand, seat_no, price, booking_mode) VALUES
(1059, 159, 9, 'D', 78, 80.00, 'Offline');
INSERT INTO DB1mnr_Booking (booking_id, cust_id, match_id, stand, seat_no, price, booking_mode) VALUES
(1060, 160, 40, 'E', 90, 55.00, 'Online');
INSERT INTO DB1mnr_Booking (booking_id, cust_id, match_id, stand, seat_no, price, booking_mode) VALUES
(1061, 161, 1, 'A', 12, 50.00, 'Online');
INSERT INTO DB1mnr_Booking (booking_id, cust_id, match_id, stand, seat_no, price, booking_mode) VALUES
(1062, 162, 22, 'B', 34, 75.00, 'Offline');
INSERT INTO DB1mnr_Booking (booking_id, cust_id, match_id, stand, seat_no, price, booking_mode) VALUES
(1063, 163, 33, 'C', 56, 65.00, 'Online');
INSERT INTO DB1mnr_Booking (booking_id, cust_id, match_id, stand, seat_no, price, booking_mode) VALUES
(1064, 164, 4, 'D', 78, 80.00, 'Offline');
INSERT INTO DB1mnr_Booking (booking_id, cust_id, match_id, stand, seat_no, price, booking_mode) VALUES
(1065, 165, 5, 'E', 90, 55.00, 'Online');
INSERT INTO DB1mnr_Booking (booking_id, cust_id, match_id, stand, seat_no, price, booking_mode) VALUES
(1066, 166, 26, 'A', 12, 50.00, 'Online');
INSERT INTO DB1mnr_Booking (booking_id, cust_id, match_id, stand, seat_no, price, booking_mode) VALUES
(1067, 167, 17, 'B', 34, 75.00, 'Offline');
INSERT INTO DB1mnr_Booking (booking_id, cust_id, match_id, stand, seat_no, price, booking_mode) VALUES
(1068, 168, 18, 'C', 56, 65.00, 'Online');
INSERT INTO DB1mnr_Booking (booking_id, cust_id, match_id, stand, seat_no, price, booking_mode) VALUES
(1069, 169, 19, 'D', 78, 80.00, 'Offline');
INSERT INTO DB1mnr_Booking (booking_id, cust_id, match_id, stand, seat_no, price, booking_mode) VALUES
(1070, 170, 20, 'E', 90, 55.00, 'Online');


-- 7. Insert into Match_teams Table
INSERT INTO DB1mnr_Match_teams (match_id, team1, team2) VALUES
(1, 'RCB','CSK');
INSERT INTO DB1mnr_Match_teams (match_id, team1, team2) VALUES
(2, 'India','Australia');
INSERT INTO DB1mnr_Match_teams (match_id, team1, team2) VALUES
(3, 'Pakistan','West Indies');
INSERT INTO DB1mnr_Match_teams (match_id, team1, team2) VALUES
(4, 'Australia', 'England');
INSERT INTO DB1mnr_Match_teams (match_id, team1, team2) VALUES
(5, 'Karnataka', 'Tamil Nadu');
INSERT INTO DB1mnr_Match_teams (match_id, team1, team2) VALUES
(6, 'MI', 'SRH');
INSERT INTO DB1mnr_Match_teams (match_id, team1, team2) VALUES
(7, 'England', 'Australia');
INSERT INTO DB1mnr_Match_teams (match_id, team1, team2) VALUES
(8, 'Pakistan', 'Bangladesh');
INSERT INTO DB1mnr_Match_teams (match_id, team1, team2) VALUES
(9, 'South Africa', 'New Zealand');
INSERT INTO DB1mnr_Match_teams (match_id, team1, team2) VALUES
(10, 'Kerala', 'Andhra Pradesh');
INSERT INTO DB1mnr_Match_teams (match_id, team1, team2) VALUES
(11, 'PBKS', 'RCB');
INSERT INTO DB1mnr_Match_teams (match_id, team1, team2) VALUES
(12, 'India', 'New Zealand');
INSERT INTO DB1mnr_Match_teams (match_id, team1, team2) VALUES
(13, 'Afghanistan', 'West Indies');
INSERT INTO DB1mnr_Match_teams (match_id, team1, team2) VALUES
(14, 'Australia', 'Sri Lanka');
INSERT INTO DB1mnr_Match_teams (match_id, team1, team2) VALUES
(15, 'Karnataka', 'Kerala');
INSERT INTO DB1mnr_Match_teams (match_id, team1, team2) VALUES
(16, 'MI', 'CSK');
INSERT INTO DB1mnr_Match_teams (match_id, team1, team2) VALUES
(17, 'England', 'Netherlands');
INSERT INTO DB1mnr_Match_teams (match_id, team1, team2) VALUES
(18, 'Pakistan', 'New Zealand');
INSERT INTO DB1mnr_Match_teams (match_id, team1, team2) VALUES
(19, 'Ireland', 'Australia');
INSERT INTO DB1mnr_Match_teams (match_id, team1, team2) VALUES
(20, 'Punjab', 'Bihar');
INSERT INTO DB1mnr_Match_teams (match_id, team1, team2) VALUES
(21, 'SRH', 'RCB');
INSERT INTO DB1mnr_Match_teams (match_id, team1, team2) VALUES
(22, 'India', 'West Indies');
INSERT INTO DB1mnr_Match_teams (match_id, team1, team2) VALUES
(23, 'Afghanistan', 'Zimbabwe');
INSERT INTO DB1mnr_Match_teams (match_id, team1, team2) VALUES
(24, 'Australia', 'Bangladesh');
INSERT INTO DB1mnr_Match_teams (match_id, team1, team2) VALUES
(25, 'Karnataka', 'Gujarat');
INSERT INTO DB1mnr_Match_teams (match_id, team1, team2) VALUES
(26, 'DC', 'CSK');
INSERT INTO DB1mnr_Match_teams (match_id, team1, team2) VALUES
(27, 'England', 'Ireland');
INSERT INTO DB1mnr_Match_teams (match_id, team1, team2) VALUES
(28, 'Pakistan', 'Australia');
INSERT INTO DB1mnr_Match_teams (match_id, team1, team2) VALUES
(29, 'Bangladesh', 'India');
INSERT INTO DB1mnr_Match_teams (match_id, team1, team2) VALUES
(30, 'West Bengal', 'Andhra Pradesh');
INSERT INTO DB1mnr_Match_teams (match_id, team1, team2) VALUES
(31, 'KKR', 'RCB');
INSERT INTO DB1mnr_Match_teams (match_id, team1, team2) VALUES
(32, 'India', 'Sri Lanka');
INSERT INTO DB1mnr_Match_teams (match_id, team1, team2) VALUES
(33, 'Pakistan', 'Zimbabwe');
INSERT INTO DB1mnr_Match_teams (match_id, team1, team2) VALUES
(34, 'England', 'Bangladesh');
INSERT INTO DB1mnr_Match_teams (match_id, team1, team2) VALUES
(35, 'Madhya Pradesh', 'Karnataka');
INSERT INTO DB1mnr_Match_teams (match_id, team1, team2) VALUES
(36, 'SRH', 'CSK');
INSERT INTO DB1mnr_Match_teams (match_id, team1, team2) VALUES
(37, 'Zimbabwe', 'Ireland');
INSERT INTO DB1mnr_Match_teams (match_id, team1, team2) VALUES
(38, 'West Indies', 'Australia');
INSERT INTO DB1mnr_Match_teams (match_id, team1, team2) VALUES
(39, 'South Africa', 'India');
INSERT INTO DB1mnr_Match_teams (match_id, team1, team2) VALUES
(40, 'Uttar Pradesh', 'Andhra Pradesh');

-- 8. Insert into Items Table
INSERT INTO DB1mnr_Items (item_id, item_name, price) VALUES
(1, 'Hot Dog', 5.00);
INSERT INTO DB1mnr_Items (item_id, item_name, price) VALUES
(2, 'Soda', 3.00);
INSERT INTO DB1mnr_Items (item_id, item_name, price) VALUES
(3, 'Popcorn', 4.50);
INSERT INTO DB1mnr_Items (item_id, item_name, price) VALUES
(4, 'Nachos', 6.00);
INSERT INTO DB1mnr_Items (item_id, item_name, price) VALUES
(5, 'Pretzel', 4.00);
INSERT INTO DB1mnr_Items (item_id, item_name, price) VALUES
(6, 'Hamburger', 5.00);
INSERT INTO DB1mnr_Items (item_id, item_name, price) VALUES
(7, 'Burger', 3.00);
INSERT INTO DB1mnr_Items (item_id, item_name, price) VALUES
(8, 'Sweet Corn', 4.50);
INSERT INTO DB1mnr_Items (item_id, item_name, price) VALUES
(9, 'Chips', 6.00);
INSERT INTO DB1mnr_Items (item_id, item_name, price) VALUES
(10, 'Cappuchino', 4.00);
INSERT INTO DB1mnr_Items (item_id, item_name, price) VALUES
(11, 'French Fries', 5.00);
INSERT INTO DB1mnr_Items (item_id, item_name, price) VALUES
(12, 'Watermelon Juice', 3.00);
INSERT INTO DB1mnr_Items (item_id, item_name, price) VALUES
(13, 'Momos', 4.50);
INSERT INTO DB1mnr_Items (item_id, item_name, price) VALUES
(14, 'Shawarma', 6.00);
INSERT INTO DB1mnr_Items (item_id, item_name, price) VALUES
(15, 'Tea', 4.00);
INSERT INTO DB1mnr_Items (item_id, item_name, price) VALUES
(16, 'Waffles', 5.00);
INSERT INTO DB1mnr_Items (item_id, item_name, price) VALUES
(17, 'Chicken Burger', 3.00);
INSERT INTO DB1mnr_Items (item_id, item_name, price) VALUES
(18, 'Masala Dosa', 4.50);
INSERT INTO DB1mnr_Items (item_id, item_name, price) VALUES
(19, 'Chicken Biryani', 6.00);
INSERT INTO DB1mnr_Items (item_id, item_name, price) VALUES
(20, 'Pepsi', 4.00);
INSERT INTO DB1mnr_Items (item_id, item_name, price) VALUES
(21, 'Veg Burger', 5.00);
INSERT INTO DB1mnr_Items (item_id, item_name, price) VALUES
(22, 'Coke', 3.00);
INSERT INTO DB1mnr_Items (item_id, item_name, price) VALUES
(23, 'Puffs', 4.50);
INSERT INTO DB1mnr_Items (item_id, item_name, price) VALUES
(24, 'Mutton biryani', 6.00);
INSERT INTO DB1mnr_Items (item_id, item_name, price) VALUES
(25, 'Chicken Sandwich', 4.00);
INSERT INTO DB1mnr_Items (item_id, item_name, price) VALUES
(26, 'Chocolate', 5.00);
INSERT INTO DB1mnr_Items (item_id, item_name, price) VALUES
(27, 'Egg Burger', 3.00);
INSERT INTO DB1mnr_Items (item_id, item_name, price) VALUES
(28, 'Veg Sandwich', 4.50);
INSERT INTO DB1mnr_Items (item_id, item_name, price) VALUES
(29, 'Chicken Kebab', 6.00);
INSERT INTO DB1mnr_Items (item_id, item_name, price) VALUES
(30, 'Orange Juice', 4.00);
INSERT INTO DB1mnr_Items (item_id, item_name, price) VALUES
(31, 'Idly', 5.00);
INSERT INTO DB1mnr_Items (item_id, item_name, price) VALUES
(32, 'Pineapple Juice', 3.00);
INSERT INTO DB1mnr_Items (item_id, item_name, price) VALUES
(33, 'Egg Puffs', 4.50);
INSERT INTO DB1mnr_Items (item_id, item_name, price) VALUES
(34, 'Chocolate Cake', 6.00);
INSERT INTO DB1mnr_Items (item_id, item_name, price) VALUES
(35, 'Chicken Pizza', 4.00);
INSERT INTO DB1mnr_Items (item_id, item_name, price) VALUES
(36, 'Crossiant', 5.00);
INSERT INTO DB1mnr_Items (item_id, item_name, price) VALUES
(37, 'Pav Bhaji', 3.00);
INSERT INTO DB1mnr_Items (item_id, item_name, price) VALUES
(38, 'Gobi Manchurian', 4.50);
INSERT INTO DB1mnr_Items (item_id, item_name, price) VALUES
(39, 'Chicken Fried Rice', 6.00);
INSERT INTO DB1mnr_Items (item_id, item_name, price) VALUES
(40, 'Fanta', 4.00);

-- 9. Insert into Food_and_beverages Table 
INSERT INTO DB1mnr_Food_and_beverages (cust_id, order_id, item_id, match_id, quantity, total_price) VALUES
(101, 2001, 1, 1, 2, 10.00);
INSERT INTO DB1mnr_Food_and_beverages (cust_id, order_id, item_id, match_id, quantity, total_price) VALUES
(102, 2002, 2, 2, 1, 3.00);
INSERT INTO DB1mnr_Food_and_beverages (cust_id, order_id, item_id, match_id, quantity, total_price) VALUES
(103, 2003, 3, 3, 1, 4.50);
INSERT INTO DB1mnr_Food_and_beverages (cust_id, order_id, item_id, match_id, quantity, total_price) VALUES
(104, 2004, 4, 4, 3, 18.00);
INSERT INTO DB1mnr_Food_and_beverages (cust_id, order_id, item_id, match_id, quantity, total_price) VALUES
(105, 2005, 5, 5, 1, 4.00);
INSERT INTO DB1mnr_Food_and_beverages (cust_id, order_id, item_id, match_id, quantity, total_price) VALUES
(106, 2006, 6, 6, 2, 10.00);
INSERT INTO DB1mnr_Food_and_beverages (cust_id, order_id, item_id, match_id, quantity, total_price) VALUES
(107, 2007, 7, 7, 1, 3.00);
INSERT INTO DB1mnr_Food_and_beverages (cust_id, order_id, item_id, match_id, quantity, total_price) VALUES
(108, 2008, 8, 8, 1, 4.50);
INSERT INTO DB1mnr_Food_and_beverages (cust_id, order_id, item_id, match_id, quantity, total_price) VALUES
(109, 2009, 9, 9, 3, 18.00);
INSERT INTO DB1mnr_Food_and_beverages (cust_id, order_id, item_id, match_id, quantity, total_price) VALUES
(110, 2010, 10, 10, 1, 4.00);
INSERT INTO DB1mnr_Food_and_beverages (cust_id, order_id, item_id, match_id, quantity, total_price) VALUES
(111, 2011, 11, 11, 2, 10.00);
INSERT INTO DB1mnr_Food_and_beverages (cust_id, order_id, item_id, match_id, quantity, total_price) VALUES
(112, 2012, 12, 12, 1, 3.00);
INSERT INTO DB1mnr_Food_and_beverages (cust_id, order_id, item_id, match_id, quantity, total_price) VALUES
(113, 2013, 13, 13, 1, 4.50);
INSERT INTO DB1mnr_Food_and_beverages (cust_id, order_id, item_id, match_id, quantity, total_price) VALUES
(114, 2014, 14, 14, 3, 18.00);
INSERT INTO DB1mnr_Food_and_beverages (cust_id, order_id, item_id, match_id, quantity, total_price) VALUES
(115, 2015, 15, 15, 1, 4.00);
INSERT INTO DB1mnr_Food_and_beverages (cust_id, order_id, item_id, match_id, quantity, total_price) VALUES
(116, 2016, 16, 16, 2, 10.00);
INSERT INTO DB1mnr_Food_and_beverages (cust_id, order_id, item_id, match_id, quantity, total_price) VALUES
(117, 2017, 17, 17, 1, 3.00);
INSERT INTO DB1mnr_Food_and_beverages (cust_id, order_id, item_id, match_id, quantity, total_price) VALUES
(118, 2018, 18, 18, 1, 4.50);
INSERT INTO DB1mnr_Food_and_beverages (cust_id, order_id, item_id, match_id, quantity, total_price) VALUES
(119, 2019, 19, 19, 3, 18.00);
INSERT INTO DB1mnr_Food_and_beverages (cust_id, order_id, item_id, match_id, quantity, total_price) VALUES
(120, 2020, 20, 20, 1, 4.00);
INSERT INTO DB1mnr_Food_and_beverages (cust_id, order_id, item_id, match_id, quantity, total_price) VALUES
(121, 2021, 21, 21, 2, 10.00);
INSERT INTO DB1mnr_Food_and_beverages (cust_id, order_id, item_id, match_id, quantity, total_price) VALUES
(122, 2022, 22, 22, 1, 3.00);
INSERT INTO DB1mnr_Food_and_beverages (cust_id, order_id, item_id, match_id, quantity, total_price) VALUES
(123, 2023, 23, 23, 1, 4.50);
INSERT INTO DB1mnr_Food_and_beverages (cust_id, order_id, item_id, match_id, quantity, total_price) VALUES
(124, 2024, 24, 24, 3, 18.00);
INSERT INTO DB1mnr_Food_and_beverages (cust_id, order_id, item_id, match_id, quantity, total_price) VALUES
(125, 2025, 25, 25, 1, 4.00);
INSERT INTO DB1mnr_Food_and_beverages (cust_id, order_id, item_id, match_id, quantity, total_price) VALUES
(126, 2026, 26, 26, 2, 10.00);
INSERT INTO DB1mnr_Food_and_beverages (cust_id, order_id, item_id, match_id, quantity, total_price) VALUES
(127, 2027, 27, 27, 1, 3.00);
INSERT INTO DB1mnr_Food_and_beverages (cust_id, order_id, item_id, match_id, quantity, total_price) VALUES
(128, 2028, 28, 28, 1, 4.50);
INSERT INTO DB1mnr_Food_and_beverages (cust_id, order_id, item_id, match_id, quantity, total_price) VALUES
(129, 2029, 29, 29, 3, 18.00);
INSERT INTO DB1mnr_Food_and_beverages (cust_id, order_id, item_id, match_id, quantity, total_price) VALUES
(130, 2030, 30, 30, 1, 4.00);
INSERT INTO DB1mnr_Food_and_beverages (cust_id, order_id, item_id, match_id, quantity, total_price) VALUES
(131, 2031, 31, 31, 2, 10.00);
INSERT INTO DB1mnr_Food_and_beverages (cust_id, order_id, item_id, match_id, quantity, total_price) VALUES
(132, 2032, 32, 32, 1, 3.00);
INSERT INTO DB1mnr_Food_and_beverages (cust_id, order_id, item_id, match_id, quantity, total_price) VALUES
(133, 2033, 33, 33, 1, 4.50);
INSERT INTO DB1mnr_Food_and_beverages (cust_id, order_id, item_id, match_id, quantity, total_price) VALUES
(134, 2034, 34, 34, 3, 18.00);
INSERT INTO DB1mnr_Food_and_beverages (cust_id, order_id, item_id, match_id, quantity, total_price) VALUES
(135, 2035, 35, 35, 1, 4.00);
INSERT INTO DB1mnr_Food_and_beverages (cust_id, order_id, item_id, match_id, quantity, total_price) VALUES
(136, 2036, 36, 36, 2, 10.00);
INSERT INTO DB1mnr_Food_and_beverages (cust_id, order_id, item_id, match_id, quantity, total_price) VALUES
(137, 2037, 37, 37, 1, 3.00);
INSERT INTO DB1mnr_Food_and_beverages (cust_id, order_id, item_id, match_id, quantity, total_price) VALUES
(138, 2038, 38, 38, 1, 4.50);
INSERT INTO DB1mnr_Food_and_beverages (cust_id, order_id, item_id, match_id, quantity, total_price) VALUES
(139, 2039, 39, 39, 3, 18.00);
INSERT INTO DB1mnr_Food_and_beverages (cust_id, order_id, item_id, match_id, quantity, total_price) VALUES
(140, 2040, 40, 40, 1, 4.00);
INSERT INTO DB1mnr_Food_and_beverages (cust_id, order_id, item_id, match_id, quantity, total_price) VALUES
(141, 2041, 11, 1, 2, 10.00);
INSERT INTO DB1mnr_Food_and_beverages (cust_id, order_id, item_id, match_id, quantity, total_price) VALUES
(142, 2042, 12, 12, 1, 3.00);
INSERT INTO DB1mnr_Food_and_beverages (cust_id, order_id, item_id, match_id, quantity, total_price) VALUES
(143, 2043, 3, 13, 1, 4.50);
INSERT INTO DB1mnr_Food_and_beverages (cust_id, order_id, item_id, match_id, quantity, total_price) VALUES
(144, 2044, 24, 4, 3, 18.00);
INSERT INTO DB1mnr_Food_and_beverages (cust_id, order_id, item_id, match_id, quantity, total_price) VALUES
(145, 2045, 15, 15, 1, 4.00);
INSERT INTO DB1mnr_Food_and_beverages (cust_id, order_id, item_id, match_id, quantity, total_price) VALUES
(146, 2046, 6, 6, 2, 10.00);
INSERT INTO DB1mnr_Food_and_beverages (cust_id, order_id, item_id, match_id, quantity, total_price) VALUES
(147, 2047, 17, 17, 1, 3.00);
INSERT INTO DB1mnr_Food_and_beverages (cust_id, order_id, item_id, match_id, quantity, total_price) VALUES
(148, 2048, 18, 8, 1, 4.50);
INSERT INTO DB1mnr_Food_and_beverages (cust_id, order_id, item_id, match_id, quantity, total_price) VALUES
(149, 2049, 29, 29, 3, 18.00);
INSERT INTO DB1mnr_Food_and_beverages (cust_id, order_id, item_id, match_id, quantity, total_price) VALUES
(150, 2050, 30, 30, 1, 4.00);
INSERT INTO DB1mnr_Food_and_beverages (cust_id, order_id, item_id, match_id, quantity, total_price) VALUES
(151, 2051, 11, 21, 2, 10.00);
INSERT INTO DB1mnr_Food_and_beverages (cust_id, order_id, item_id, match_id, quantity, total_price) VALUES
(152, 2052, 2, 12, 1, 3.00);
INSERT INTO DB1mnr_Food_and_beverages (cust_id, order_id, item_id, match_id, quantity, total_price) VALUES
(153, 2053, 3, 23, 1, 4.50);
INSERT INTO DB1mnr_Food_and_beverages (cust_id, order_id, item_id, match_id, quantity, total_price) VALUES
(154, 2054, 4, 14, 3, 18.00);
INSERT INTO DB1mnr_Food_and_beverages (cust_id, order_id, item_id, match_id, quantity, total_price) VALUES
(155, 2055, 5, 15, 1, 4.00);
INSERT INTO DB1mnr_Food_and_beverages (cust_id, order_id, item_id, match_id, quantity, total_price) VALUES
(156, 2056, 6, 6, 2, 10.00);
INSERT INTO DB1mnr_Food_and_beverages (cust_id, order_id, item_id, match_id, quantity, total_price) VALUES
(157, 2057, 17, 7, 1, 3.00);
INSERT INTO DB1mnr_Food_and_beverages (cust_id, order_id, item_id, match_id, quantity, total_price) VALUES
(158, 2058, 18, 8, 1, 4.50);
INSERT INTO DB1mnr_Food_and_beverages (cust_id, order_id, item_id, match_id, quantity, total_price) VALUES
(159, 2059, 29, 9, 3, 18.00);
INSERT INTO DB1mnr_Food_and_beverages (cust_id, order_id, item_id, match_id, quantity, total_price) VALUES
(160, 2060, 30, 40, 1, 4.00);
INSERT INTO DB1mnr_Food_and_beverages (cust_id, order_id, item_id, match_id, quantity, total_price) VALUES
(161, 2061, 31, 1, 2, 10.00);
INSERT INTO DB1mnr_Food_and_beverages (cust_id, order_id, item_id, match_id, quantity, total_price) VALUES
(162, 2062, 32, 22, 1, 3.00);
INSERT INTO DB1mnr_Food_and_beverages (cust_id, order_id, item_id, match_id, quantity, total_price) VALUES
(163, 2063, 33, 33, 1, 4.50);
INSERT INTO DB1mnr_Food_and_beverages (cust_id, order_id, item_id, match_id, quantity, total_price) VALUES
(164, 2064, 34, 4, 3, 18.00);
INSERT INTO DB1mnr_Food_and_beverages (cust_id, order_id, item_id, match_id, quantity, total_price) VALUES
(165, 2065, 15, 5, 1, 4.00);
INSERT INTO DB1mnr_Food_and_beverages (cust_id, order_id, item_id, match_id, quantity, total_price) VALUES
(166, 2066, 16, 26, 2, 10.00);
INSERT INTO DB1mnr_Food_and_beverages (cust_id, order_id, item_id, match_id, quantity, total_price) VALUES
(167, 2067, 27, 17, 1, 3.00);
INSERT INTO DB1mnr_Food_and_beverages (cust_id, order_id, item_id, match_id, quantity, total_price) VALUES
(168, 2068, 8, 18, 1, 4.50);
INSERT INTO DB1mnr_Food_and_beverages (cust_id, order_id, item_id, match_id, quantity, total_price) VALUES
(169, 2069, 19, 19, 3, 18.00);
INSERT INTO DB1mnr_Food_and_beverages (cust_id, order_id, item_id, match_id, quantity, total_price) VALUES
(170, 2070, 40, 20, 1, 4.00);


-- 10. Insert into Parking Table 
INSERT INTO DB1mnr_Parking (cust_id, vehicle_no, match_id, price, vehicle_type, in_time, out_time) VALUES
(101, 'XYZ123', 1, 15.00, '4-wheel', TIMESTAMP '2024-05-01 12:00:00', TIMESTAMP '2024-05-01 16:00:00');
INSERT INTO DB1mnr_Parking (cust_id, vehicle_no, match_id, price, vehicle_type, in_time, out_time) VALUES
(102, 'ABC987', 2, 20.00, '4-wheel', TIMESTAMP '2024-05-15 13:00:00', TIMESTAMP '2024-05-15 17:00:00');
INSERT INTO DB1mnr_Parking (cust_id, vehicle_no, match_id, price, vehicle_type, in_time, out_time) VALUES
(103, 'LMN456', 3, 18.00, '4-wheel', TIMESTAMP '2024-06-20 14:00:00', TIMESTAMP '2024-06-20 18:00:00');
INSERT INTO DB1mnr_Parking (cust_id, vehicle_no, match_id, price, vehicle_type, in_time, out_time) VALUES
(104, 'OPQ789', 4, 22.00, '2-wheel', TIMESTAMP '2024-07-10 15:00:00', TIMESTAMP '2024-07-10 19:00:00');
INSERT INTO DB1mnr_Parking (cust_id, vehicle_no, match_id, price, vehicle_type, in_time, out_time) VALUES
(105, 'DEF123', 5, 25.00, '4-wheel', TIMESTAMP '2024-08-25 16:00:00', TIMESTAMP '2024-08-25 20:00:00');
INSERT INTO DB1mnr_Parking (cust_id, vehicle_no, match_id, price, vehicle_type, in_time, out_time) VALUES
(106, 'XYB623', 6, 15.00, '4-wheel', TIMESTAMP '2024-05-01 12:00:00', TIMESTAMP '2024-05-01 16:00:00');
INSERT INTO DB1mnr_Parking (cust_id, vehicle_no, match_id, price, vehicle_type, in_time, out_time) VALUES
(107, 'ABQ967', 7, 20.00, '4-wheel', TIMESTAMP '2024-05-15 13:00:00', TIMESTAMP '2024-05-15 17:00:00');
INSERT INTO DB1mnr_Parking (cust_id, vehicle_no, match_id, price, vehicle_type, in_time, out_time) VALUES
(108, 'LMD456', 8, 18.00, '4-wheel', TIMESTAMP '2024-06-20 14:00:00', TIMESTAMP '2024-06-20 18:00:00');
INSERT INTO DB1mnr_Parking (cust_id, vehicle_no, match_id, price, vehicle_type, in_time, out_time) VALUES
(109, 'OPQ689', 9, 22.00, '2-wheel', TIMESTAMP '2024-07-10 15:00:00', TIMESTAMP '2024-07-10 19:00:00');
INSERT INTO DB1mnr_Parking (cust_id, vehicle_no, match_id, price, vehicle_type, in_time, out_time) VALUES
(110, 'DEW183', 10, 25.00, '4-wheel', TIMESTAMP '2024-08-25 16:00:00', TIMESTAMP '2024-08-25 20:00:00');
INSERT INTO DB1mnr_Parking (cust_id, vehicle_no, match_id, price, vehicle_type, in_time, out_time) VALUES
(111, 'XYQ123', 11, 15.00, '4-wheel', TIMESTAMP '2024-05-01 12:00:00', TIMESTAMP '2024-05-01 16:00:00');
INSERT INTO DB1mnr_Parking (cust_id, vehicle_no, match_id, price, vehicle_type, in_time, out_time) VALUES
(112, 'ABF987', 12, 20.00, '4-wheel', TIMESTAMP '2024-05-15 13:00:00', TIMESTAMP '2024-05-15 17:00:00');
INSERT INTO DB1mnr_Parking (cust_id, vehicle_no, match_id, price, vehicle_type, in_time, out_time) VALUES
(113, 'LPN456', 13, 18.00, '4-wheel', TIMESTAMP '2024-06-20 14:00:00', TIMESTAMP '2024-06-20 18:00:00');
INSERT INTO DB1mnr_Parking (cust_id, vehicle_no, match_id, price, vehicle_type, in_time, out_time) VALUES
(114, 'APQ789', 14, 22.00, '2-wheel', TIMESTAMP '2024-07-10 15:00:00', TIMESTAMP '2024-07-10 19:00:00');
INSERT INTO DB1mnr_Parking (cust_id, vehicle_no, match_id, price, vehicle_type, in_time, out_time) VALUES
(115, 'DWF123', 15, 25.00, '4-wheel', TIMESTAMP '2024-08-25 16:00:00', TIMESTAMP '2024-08-25 20:00:00');
INSERT INTO DB1mnr_Parking (cust_id, vehicle_no, match_id, price, vehicle_type, in_time, out_time) VALUES
(116, 'XYB683', 16, 15.00, '4-wheel', TIMESTAMP '2024-05-01 12:00:00', TIMESTAMP '2024-05-01 16:00:00');
INSERT INTO DB1mnr_Parking (cust_id, vehicle_no, match_id, price, vehicle_type, in_time, out_time) VALUES
(117, 'ACQ997', 17, 20.00, '4-wheel', TIMESTAMP '2024-05-15 13:00:00', TIMESTAMP '2024-05-15 17:00:00');
INSERT INTO DB1mnr_Parking (cust_id, vehicle_no, match_id, price, vehicle_type, in_time, out_time) VALUES
(118, 'QMD456', 18, 18.00, '4-wheel', TIMESTAMP '2024-06-20 14:00:00', TIMESTAMP '2024-06-20 18:00:00');
INSERT INTO DB1mnr_Parking (cust_id, vehicle_no, match_id, price, vehicle_type, in_time, out_time) VALUES
(119, 'WPQ689', 19, 22.00, '2-wheel', TIMESTAMP '2024-07-10 15:00:00', TIMESTAMP '2024-07-10 19:00:00');
INSERT INTO DB1mnr_Parking (cust_id, vehicle_no, match_id, price, vehicle_type, in_time, out_time) VALUES
(120, 'DEQ123', 20, 25.00, '4-wheel', TIMESTAMP '2024-08-25 16:00:00', TIMESTAMP '2024-08-25 20:00:00');
INSERT INTO DB1mnr_Parking (cust_id, vehicle_no, match_id, price, vehicle_type, in_time, out_time) VALUES
(121, 'XPQ123', 21, 15.00, '4-wheel', TIMESTAMP '2024-05-01 12:00:00', TIMESTAMP '2024-05-01 16:00:00');
INSERT INTO DB1mnr_Parking (cust_id, vehicle_no, match_id, price, vehicle_type, in_time, out_time) VALUES
(122, 'DBF987', 22, 20.00, '4-wheel', TIMESTAMP '2024-05-15 13:00:00', TIMESTAMP '2024-05-15 17:00:00');
INSERT INTO DB1mnr_Parking (cust_id, vehicle_no, match_id, price, vehicle_type, in_time, out_time) VALUES
(123, 'MPN456', 23, 18.00, '4-wheel', TIMESTAMP '2024-06-20 14:00:00', TIMESTAMP '2024-06-20 18:00:00');
INSERT INTO DB1mnr_Parking (cust_id, vehicle_no, match_id, price, vehicle_type, in_time, out_time) VALUES
(124, 'BPQ789', 24, 22.00, '2-wheel', TIMESTAMP '2024-07-10 15:00:00', TIMESTAMP '2024-07-10 19:00:00');
INSERT INTO DB1mnr_Parking (cust_id, vehicle_no, match_id, price, vehicle_type, in_time, out_time) VALUES
(125, 'DCF123', 25, 25.00, '4-wheel', TIMESTAMP '2024-08-25 16:00:00', TIMESTAMP '2024-08-25 20:00:00');
INSERT INTO DB1mnr_Parking (cust_id, vehicle_no, match_id, price, vehicle_type, in_time, out_time) VALUES
(126, 'XQB683', 26, 15.00, '4-wheel', TIMESTAMP '2024-05-01 12:00:00', TIMESTAMP '2024-05-01 16:00:00');
INSERT INTO DB1mnr_Parking (cust_id, vehicle_no, match_id, price, vehicle_type, in_time, out_time) VALUES
(127, 'ABQ997', 27, 20.00, '4-wheel', TIMESTAMP '2024-05-15 13:00:00', TIMESTAMP '2024-05-15 17:00:00');
INSERT INTO DB1mnr_Parking (cust_id, vehicle_no, match_id, price, vehicle_type, in_time, out_time) VALUES
(128, 'QAD456', 28, 18.00, '4-wheel', TIMESTAMP '2024-06-20 14:00:00', TIMESTAMP '2024-06-20 18:00:00');
INSERT INTO DB1mnr_Parking (cust_id, vehicle_no, match_id, price, vehicle_type, in_time, out_time) VALUES
(129, 'WLQ689', 29, 22.00, '2-wheel', TIMESTAMP '2024-07-10 15:00:00', TIMESTAMP '2024-07-10 19:00:00');
INSERT INTO DB1mnr_Parking (cust_id, vehicle_no, match_id, price, vehicle_type, in_time, out_time) VALUES
(130, 'DAQ123', 30, 25.00, '4-wheel', TIMESTAMP '2024-08-25 16:00:00', TIMESTAMP '2024-08-25 20:00:00');
INSERT INTO DB1mnr_Parking (cust_id, vehicle_no, match_id, price, vehicle_type, in_time, out_time) VALUES
(131, 'XPC123', 31, 15.00, '4-wheel', TIMESTAMP '2024-05-01 12:00:00', TIMESTAMP '2024-05-01 16:00:00');
INSERT INTO DB1mnr_Parking (cust_id, vehicle_no, match_id, price, vehicle_type, in_time, out_time) VALUES
(132, 'DBQ987', 32, 20.00, '4-wheel', TIMESTAMP '2024-05-15 13:00:00', TIMESTAMP '2024-05-15 17:00:00');
INSERT INTO DB1mnr_Parking (cust_id, vehicle_no, match_id, price, vehicle_type, in_time, out_time) VALUES
(133, 'MPR456', 33, 18.00, '4-wheel', TIMESTAMP '2024-06-20 14:00:00', TIMESTAMP '2024-06-20 18:00:00');
INSERT INTO DB1mnr_Parking (cust_id, vehicle_no, match_id, price, vehicle_type, in_time, out_time) VALUES
(134, 'BPU789', 34, 22.00, '2-wheel', TIMESTAMP '2024-07-10 15:00:00', TIMESTAMP '2024-07-10 19:00:00');
INSERT INTO DB1mnr_Parking (cust_id, vehicle_no, match_id, price, vehicle_type, in_time, out_time) VALUES
(135, 'DCP123', 35, 25.00, '4-wheel', TIMESTAMP '2024-08-25 16:00:00', TIMESTAMP '2024-08-25 20:00:00');
INSERT INTO DB1mnr_Parking (cust_id, vehicle_no, match_id, price, vehicle_type, in_time, out_time) VALUES
(136, 'XAB683', 36, 15.00, '4-wheel', TIMESTAMP '2024-05-01 12:00:00', TIMESTAMP '2024-05-01 16:00:00');
INSERT INTO DB1mnr_Parking (cust_id, vehicle_no, match_id, price, vehicle_type, in_time, out_time) VALUES
(137, 'CBQ997', 37, 20.00, '4-wheel', TIMESTAMP '2024-05-15 13:00:00', TIMESTAMP '2024-05-15 17:00:00');
INSERT INTO DB1mnr_Parking (cust_id, vehicle_no, match_id, price, vehicle_type, in_time, out_time) VALUES
(138, 'QAU456', 38, 18.00, '4-wheel', TIMESTAMP '2024-06-20 14:00:00', TIMESTAMP '2024-06-20 18:00:00');
INSERT INTO DB1mnr_Parking (cust_id, vehicle_no, match_id, price, vehicle_type, in_time, out_time) VALUES
(139, 'WLP699', 39, 22.00, '2-wheel', TIMESTAMP '2024-07-10 15:00:00', TIMESTAMP '2024-07-10 19:00:00');
INSERT INTO DB1mnr_Parking (cust_id, vehicle_no, match_id, price, vehicle_type, in_time, out_time) VALUES
(140, 'DAB423', 40, 25.00, '4-wheel', TIMESTAMP '2024-08-25 16:00:00', TIMESTAMP '2024-08-25 20:00:00');
INSERT INTO DB1mnr_Parking (cust_id, vehicle_no, match_id, price, vehicle_type, in_time, out_time) VALUES
(141, 'XYQ133', 1, 15.00, '4-wheel', TIMESTAMP '2024-05-01 12:00:00', TIMESTAMP '2024-05-01 16:00:00');
INSERT INTO DB1mnr_Parking (cust_id, vehicle_no, match_id, price, vehicle_type, in_time, out_time) VALUES
(142, 'ABF927', 12, 20.00, '4-wheel', TIMESTAMP '2024-05-15 13:00:00', TIMESTAMP '2024-05-15 17:00:00');
INSERT INTO DB1mnr_Parking (cust_id, vehicle_no, match_id, price, vehicle_type, in_time, out_time) VALUES
(143, 'APN456', 13, 18.00, '4-wheel', TIMESTAMP '2024-06-20 14:00:00', TIMESTAMP '2024-06-20 18:00:00');
INSERT INTO DB1mnr_Parking (cust_id, vehicle_no, match_id, price, vehicle_type, in_time, out_time) VALUES
(144, 'CPQ789', 4, 22.00, '2-wheel', TIMESTAMP '2024-07-10 15:00:00', TIMESTAMP '2024-07-10 19:00:00');
INSERT INTO DB1mnr_Parking (cust_id, vehicle_no, match_id, price, vehicle_type, in_time, out_time) VALUES
(145, 'DWF127', 15, 25.00, '4-wheel', TIMESTAMP '2024-08-25 16:00:00', TIMESTAMP '2024-08-25 20:00:00');
INSERT INTO DB1mnr_Parking (cust_id, vehicle_no, match_id, price, vehicle_type, in_time, out_time) VALUES
(146, 'XDB683', 6, 15.00, '4-wheel', TIMESTAMP '2024-05-01 12:00:00', TIMESTAMP '2024-05-01 16:00:00');
INSERT INTO DB1mnr_Parking (cust_id, vehicle_no, match_id, price, vehicle_type, in_time, out_time) VALUES
(147, 'ACQ197', 17, 20.00, '4-wheel', TIMESTAMP '2024-05-15 13:00:00', TIMESTAMP '2024-05-15 17:00:00');
INSERT INTO DB1mnr_Parking (cust_id, vehicle_no, match_id, price, vehicle_type, in_time, out_time) VALUES
(148, 'QMD452', 8, 18.00, '4-wheel', TIMESTAMP '2024-06-20 14:00:00', TIMESTAMP '2024-06-20 18:00:00');
INSERT INTO DB1mnr_Parking (cust_id, vehicle_no, match_id, price, vehicle_type, in_time, out_time) VALUES
(149, 'WPQ789', 29, 22.00, '2-wheel', TIMESTAMP '2024-07-10 15:00:00', TIMESTAMP '2024-07-10 19:00:00');
INSERT INTO DB1mnr_Parking (cust_id, vehicle_no, match_id, price, vehicle_type, in_time, out_time) VALUES
(150, 'DBQ123', 30, 25.00, '4-wheel', TIMESTAMP '2024-08-25 16:00:00', TIMESTAMP '2024-08-25 20:00:00');
INSERT INTO DB1mnr_Parking (cust_id, vehicle_no, match_id, price, vehicle_type, in_time, out_time) VALUES
(151, 'XPU123', 21, 15.00, '4-wheel', TIMESTAMP '2024-05-01 12:00:00', TIMESTAMP '2024-05-01 16:00:00');
INSERT INTO DB1mnr_Parking (cust_id, vehicle_no, match_id, price, vehicle_type, in_time, out_time) VALUES
(152, 'DBC987', 12, 20.00, '4-wheel', TIMESTAMP '2024-05-15 13:00:00', TIMESTAMP '2024-05-15 17:00:00');
INSERT INTO DB1mnr_Parking (cust_id, vehicle_no, match_id, price, vehicle_type, in_time, out_time) VALUES
(153, 'MPQ456', 23, 18.00, '4-wheel', TIMESTAMP '2024-06-20 14:00:00', TIMESTAMP '2024-06-20 18:00:00');
INSERT INTO DB1mnr_Parking (cust_id, vehicle_no, match_id, price, vehicle_type, in_time, out_time) VALUES
(154, 'BPQ729', 14, 22.00, '2-wheel', TIMESTAMP '2024-07-10 15:00:00', TIMESTAMP '2024-07-10 19:00:00');
INSERT INTO DB1mnr_Parking (cust_id, vehicle_no, match_id, price, vehicle_type, in_time, out_time) VALUES
(155, 'DCH123', 15, 25.00, '4-wheel', TIMESTAMP '2024-08-25 16:00:00', TIMESTAMP '2024-08-25 20:00:00');
INSERT INTO DB1mnr_Parking (cust_id, vehicle_no, match_id, price, vehicle_type, in_time, out_time) VALUES
(156, 'XQC683', 6, 15.00, '4-wheel', TIMESTAMP '2024-05-01 12:00:00', TIMESTAMP '2024-05-01 16:00:00');
INSERT INTO DB1mnr_Parking (cust_id, vehicle_no, match_id, price, vehicle_type, in_time, out_time) VALUES
(157, 'ABQ297', 7, 20.00, '4-wheel', TIMESTAMP '2024-05-15 13:00:00', TIMESTAMP '2024-05-15 17:00:00');
INSERT INTO DB1mnr_Parking (cust_id, vehicle_no, match_id, price, vehicle_type, in_time, out_time) VALUES
(158, 'QBD456', 8, 18.00, '4-wheel', TIMESTAMP '2024-06-20 14:00:00', TIMESTAMP '2024-06-20 18:00:00');
INSERT INTO DB1mnr_Parking (cust_id, vehicle_no, match_id, price, vehicle_type, in_time, out_time) VALUES
(159, 'WLC689', 9, 22.00, '2-wheel', TIMESTAMP '2024-07-10 15:00:00', TIMESTAMP '2024-07-10 19:00:00');
INSERT INTO DB1mnr_Parking (cust_id, vehicle_no, match_id, price, vehicle_type, in_time, out_time) VALUES
(160, 'DAR223', 40, 25.00, '4-wheel', TIMESTAMP '2024-08-25 16:00:00', TIMESTAMP '2024-08-25 20:00:00');
INSERT INTO DB1mnr_Parking (cust_id, vehicle_no, match_id, price, vehicle_type, in_time, out_time) VALUES
(161, 'XPA123', 1, 15.00, '4-wheel', TIMESTAMP '2024-05-01 12:00:00', TIMESTAMP '2024-05-01 16:00:00');
INSERT INTO DB1mnr_Parking (cust_id, vehicle_no, match_id, price, vehicle_type, in_time, out_time) VALUES
(162, 'RBC987', 22, 20.00, '4-wheel', TIMESTAMP '2024-05-15 13:00:00', TIMESTAMP '2024-05-15 17:00:00');
INSERT INTO DB1mnr_Parking (cust_id, vehicle_no, match_id, price, vehicle_type, in_time, out_time) VALUES
(163, 'MPU456', 33, 18.00, '4-wheel', TIMESTAMP '2024-06-20 14:00:00', TIMESTAMP '2024-06-20 18:00:00');
INSERT INTO DB1mnr_Parking (cust_id, vehicle_no, match_id, price, vehicle_type, in_time, out_time) VALUES
(164, 'BAU789', 4, 22.00, '2-wheel', TIMESTAMP '2024-07-10 15:00:00', TIMESTAMP '2024-07-10 19:00:00');
INSERT INTO DB1mnr_Parking (cust_id, vehicle_no, match_id, price, vehicle_type, in_time, out_time) VALUES
(165, 'DHP123', 5, 25.00, '4-wheel', TIMESTAMP '2024-08-25 16:00:00', TIMESTAMP '2024-08-25 20:00:00');
INSERT INTO DB1mnr_Parking (cust_id, vehicle_no, match_id, price, vehicle_type, in_time, out_time) VALUES
(166, 'CAB683', 26, 15.00, '4-wheel', TIMESTAMP '2024-05-01 12:00:00', TIMESTAMP '2024-05-01 16:00:00');
INSERT INTO DB1mnr_Parking (cust_id, vehicle_no, match_id, price, vehicle_type, in_time, out_time) VALUES
(167, 'DBQ997', 17, 20.00, '4-wheel', TIMESTAMP '2024-05-15 13:00:00', TIMESTAMP '2024-05-15 17:00:00');
INSERT INTO DB1mnr_Parking (cust_id, vehicle_no, match_id, price, vehicle_type, in_time, out_time) VALUES
(168, 'RAU456', 18, 18.00, '4-wheel', TIMESTAMP '2024-06-20 14:00:00', TIMESTAMP '2024-06-20 18:00:00');
INSERT INTO DB1mnr_Parking (cust_id, vehicle_no, match_id, price, vehicle_type, in_time, out_time) VALUES
(169, 'WQP699', 19, 22.00, '2-wheel', TIMESTAMP '2024-07-10 15:00:00', TIMESTAMP '2024-07-10 19:00:00');
INSERT INTO DB1mnr_Parking (cust_id, vehicle_no, match_id, price, vehicle_type, in_time, out_time) VALUES
(170, 'KAB423', 20, 25.00, '4-wheel', TIMESTAMP '2024-08-25 16:00:00', TIMESTAMP '2024-08-25 20:00:00');


-- 11. Insert into Vendors Table 
INSERT INTO DB1mnr_Vendors (vendor_id, match_id, name, vendor_type, cost) VALUES
(1, 1, 'Taste of India Catering', 'Food', 300.00);
INSERT INTO DB1mnr_Vendors (vendor_id, match_id, name, vendor_type, cost) VALUES
(2, 2, 'Sahara', 'Merchandise', 500.00);
INSERT INTO DB1mnr_Vendors (vendor_id, match_id, name, vendor_type, cost) VALUES
(3, 3, 'The Beverage Hub', 'Drinks', 200.00);
INSERT INTO DB1mnr_Vendors (vendor_id, match_id, name, vendor_type, cost) VALUES
(4, 4, 'Golden Gears', 'Souvenirs', 450.00);
INSERT INTO DB1mnr_Vendors (vendor_id, match_id, name, vendor_type, cost) VALUES
(5, 5, 'Sportswear Suppliers', 'Clothing', 600.00);
INSERT INTO DB1mnr_Vendors (vendor_id, match_id, name, vendor_type, cost) VALUES
(6, 6, 'Desi Bytes', 'Food', 300.00);
INSERT INTO DB1mnr_Vendors (vendor_id, match_id, name, vendor_type, cost) VALUES
(7, 7, 'Ultimate Merch', 'Merchandise', 500.00);
INSERT INTO DB1mnr_Vendors (vendor_id, match_id, name, vendor_type, cost) VALUES
(8, 8, 'Sip and Savour', 'Drinks', 200.00);
INSERT INTO DB1mnr_Vendors (vendor_id, match_id, name, vendor_type, cost) VALUES
(9, 9, 'Top Nosh', 'Souvenirs', 450.00);
INSERT INTO DB1mnr_Vendors (vendor_id, match_id, name, vendor_type, cost) VALUES
(10, 10, 'Epic Apparel', 'Clothing', 600.00);
INSERT INTO DB1mnr_Vendors (vendor_id, match_id, name, vendor_type, cost) VALUES
(11, 11, 'Ultimate Eats', 'Food', 300.00);
INSERT INTO DB1mnr_Vendors (vendor_id, match_id, name, vendor_type, cost) VALUES
(12, 12, 'Best Merch', 'Merchandise', 500.00);
INSERT INTO DB1mnr_Vendors (vendor_id, match_id, name, vendor_type, cost) VALUES
(13, 13, 'Crisp Confections', 'Drinks', 200.00);
INSERT INTO DB1mnr_Vendors (vendor_id, match_id, name, vendor_type, cost) VALUES
(14, 14, 'Classic Gear', 'Souvenirs', 450.00);
INSERT INTO DB1mnr_Vendors (vendor_id, match_id, name, vendor_type, cost) VALUES
(15, 15, 'Funky Finds', 'Clothing', 600.00);
INSERT INTO DB1mnr_Vendors (vendor_id, match_id, name, vendor_type, cost) VALUES
(16, 16, 'Spicy Bytes', 'Food', 300.00);
INSERT INTO DB1mnr_Vendors (vendor_id, match_id, name, vendor_type, cost) VALUES
(17, 17, 'Merch Master', 'Merchandise', 500.00);
INSERT INTO DB1mnr_Vendors (vendor_id, match_id, name, vendor_type, cost) VALUES
(18, 18, 'Snacks and Sips', 'Drinks', 200.00);
INSERT INTO DB1mnr_Vendors (vendor_id, match_id, name, vendor_type, cost) VALUES
(19, 19, 'Event Essentials', 'Souvenirs', 450.00);
INSERT INTO DB1mnr_Vendors (vendor_id, match_id, name, vendor_type, cost) VALUES
(20, 20, 'I Wear', 'Clothing', 550.00);
INSERT INTO DB1mnr_Vendors (vendor_id, match_id, name, vendor_type, cost) VALUES
(21, 21, 'India Flavors', 'Food', 300.00);
INSERT INTO DB1mnr_Vendors (vendor_id, match_id, name, vendor_type, cost) VALUES
(22, 22, 'Master Merch', 'Merchandise', 500.00);
INSERT INTO DB1mnr_Vendors (vendor_id, match_id, name, vendor_type, cost) VALUES
(23, 23, 'Snack Station', 'Drinks', 200.00);
INSERT INTO DB1mnr_Vendors (vendor_id, match_id, name, vendor_type, cost) VALUES
(24, 24, 'Urban Gear', 'Souvenirs', 450.00);
INSERT INTO DB1mnr_Vendors (vendor_id, match_id, name, vendor_type, cost) VALUES
(25, 25, 'Mufti', 'Clothing', 600.00);
INSERT INTO DB1mnr_Vendors (vendor_id, match_id, name, vendor_type, cost) VALUES
(26, 26, 'Janta Caters', 'Food', 300.00);
INSERT INTO DB1mnr_Vendors (vendor_id, match_id, name, vendor_type, cost) VALUES
(27, 27, 'Exclusive Merch', 'Merchandise', 500.00);
INSERT INTO DB1mnr_Vendors (vendor_id, match_id, name, vendor_type, cost) VALUES
(28, 28, 'Sandy Snacks', 'Drinks', 200.00);
INSERT INTO DB1mnr_Vendors (vendor_id, match_id, name, vendor_type, cost) VALUES
(29, 29, 'Urban Gear', 'Souvenirs', 450.00);
INSERT INTO DB1mnr_Vendors (vendor_id, match_id, name, vendor_type, cost) VALUES
(30, 30, 'Sportswear Suppliers', 'Clothing', 550.00);
INSERT INTO DB1mnr_Vendors (vendor_id, match_id, name, vendor_type, cost) VALUES
(31, 31, 'Sunny Foods', 'Food', 300.00);
INSERT INTO DB1mnr_Vendors (vendor_id, match_id, name, vendor_type, cost) VALUES
(32, 32, 'Vibrant Vendors', 'Merchandise', 500.00);
INSERT INTO DB1mnr_Vendors (vendor_id, match_id, name, vendor_type, cost) VALUES
(33, 33, 'Refresh Hub', 'Drinks', 200.00);
INSERT INTO DB1mnr_Vendors (vendor_id, match_id, name, vendor_type, cost) VALUES
(34, 34, 'Classic Connectibles', 'Souvenirs', 450.00);
INSERT INTO DB1mnr_Vendors (vendor_id, match_id, name, vendor_type, cost) VALUES
(35, 35, 'Alternate Clothing', 'Clothing', 600.00);
INSERT INTO DB1mnr_Vendors (vendor_id, match_id, name, vendor_type, cost) VALUES
(36, 36, 'The Flavor Shop', 'Food', 300.00);
INSERT INTO DB1mnr_Vendors (vendor_id, match_id, name, vendor_type, cost) VALUES
(37, 37, 'Master Merch', 'Merchandise', 500.00);
INSERT INTO DB1mnr_Vendors (vendor_id, match_id, name, vendor_type, cost) VALUES
(38, 38, 'Big Bite Beverages', 'Drinks', 200.00);
INSERT INTO DB1mnr_Vendors (vendor_id, match_id, name, vendor_type, cost) VALUES
(39, 39, 'Bang the sport', 'Souvenirs', 450.00);
INSERT INTO DB1mnr_Vendors (vendor_id, match_id, name, vendor_type, cost) VALUES
(40, 40, 'Big Bazaar', 'Clothing', 550.00);

-- display the results of each table
select * from DB1mnr_person;
select * from DB1mnr_person_Address;
select * from DB1mnr_customer;
select * from DB1mnr_employee;
select * from DB1mnr_match;
select * from DB1mnr_booking;
select * from DB1mnr_match_teams;
select * from DB1mnr_items;
select * from DB1mnr_food_and_beverages;
select * from DB1mnr_parking;
select * from DB1mnr_vendors;


